,x,y,label,replicate,barcode
0,0,0,cond_1,cond_1_rep1,barcode1
1,0,1,cond_1,cond_1_rep1,barcode2
2,0,2,cond_1,cond_1_rep1,barcode3
3,0,3,cond_1,cond_1_rep1,barcode4
4,0,4,cond_1,cond_1_rep1,barcode5
5,0,5,cond_1,cond_1_rep1,barcode6
6,0,6,cond_1,cond_1_rep1,barcode7
7,0,7,cond_1,cond_1_rep1,barcode8
8,0,8,cond_1,cond_1_rep1,barcode9
9,0,9,cond_1,cond_1_rep1,barcode10
10,0,10,cond_1,cond_1_rep1,barcode11
11,0,11,cond_1,cond_1_rep1,barcode12
12,0,12,cond_1,cond_1_rep1,barcode13
13,0,13,cond_1,cond_1_rep1,barcode14
14,0,14,cond_1,cond_1_rep1,barcode15
15,0,15,cond_1,cond_1_rep1,barcode16
16,0,16,cond_1,cond_1_rep1,barcode17
17,0,17,cond_1,cond_1_rep1,barcode18
18,0,18,cond_1,cond_1_rep1,barcode19
19,0,19,cond_1,cond_1_rep1,barcode20
20,0,20,cond_1,cond_1_rep1,barcode21
21,0,21,cond_1,cond_1_rep1,barcode22
22,0,22,cond_1,cond_1_rep1,barcode23
23,0,23,cond_1,cond_1_rep1,barcode24
24,0,24,cond_1,cond_1_rep1,barcode25
25,0,25,cond_1,cond_1_rep1,barcode26
26,0,26,cond_1,cond_1_rep1,barcode27
27,0,27,cond_1,cond_1_rep1,barcode28
28,0,28,cond_1,cond_1_rep1,barcode29
29,0,29,cond_1,cond_1_rep1,barcode30
30,0,30,cond_1,cond_1_rep1,barcode31
31,0,31,cond_1,cond_1_rep1,barcode32
32,0,32,cond_1,cond_1_rep1,barcode33
33,1,0,cond_1,cond_1_rep1,barcode34
34,1,1,cond_1,cond_1_rep1,barcode35
35,1,2,cond_1,cond_1_rep1,barcode36
36,1,3,cond_1,cond_1_rep1,barcode37
37,1,4,cond_1,cond_1_rep1,barcode38
38,1,5,cond_1,cond_1_rep1,barcode39
39,1,6,cond_1,cond_1_rep1,barcode40
40,1,7,cond_1,cond_1_rep1,barcode41
41,1,8,cond_1,cond_1_rep1,barcode42
42,1,9,cond_1,cond_1_rep1,barcode43
43,1,10,cond_1,cond_1_rep1,barcode44
44,1,11,cond_1,cond_1_rep1,barcode45
45,1,12,cond_1,cond_1_rep1,barcode46
46,1,13,cond_1,cond_1_rep1,barcode47
47,1,14,cond_1,cond_1_rep1,barcode48
48,1,15,cond_1,cond_1_rep1,barcode49
49,1,16,cond_1,cond_1_rep1,barcode50
50,1,17,cond_1,cond_1_rep1,barcode51
51,1,18,cond_1,cond_1_rep1,barcode52
52,1,19,cond_1,cond_1_rep1,barcode53
53,1,20,cond_1,cond_1_rep1,barcode54
54,1,21,cond_1,cond_1_rep1,barcode55
55,1,22,cond_1,cond_1_rep1,barcode56
56,1,23,cond_1,cond_1_rep1,barcode57
57,1,24,cond_1,cond_1_rep1,barcode58
58,1,25,cond_1,cond_1_rep1,barcode59
59,1,26,cond_1,cond_1_rep1,barcode60
60,1,27,cond_1,cond_1_rep1,barcode61
61,1,28,cond_1,cond_1_rep1,barcode62
62,1,29,cond_1,cond_1_rep1,barcode63
63,1,30,cond_1,cond_1_rep1,barcode64
64,1,31,cond_1,cond_1_rep1,barcode65
65,1,32,cond_1,cond_1_rep1,barcode66
66,2,0,cond_1,cond_1_rep1,barcode67
67,2,1,cond_1,cond_1_rep1,barcode68
68,2,2,cond_1,cond_1_rep1,barcode69
69,2,3,cond_1,cond_1_rep1,barcode70
70,2,4,cond_1,cond_1_rep1,barcode71
71,2,5,cond_1,cond_1_rep1,barcode72
72,2,6,cond_1,cond_1_rep1,barcode73
73,2,7,cond_1,cond_1_rep1,barcode74
74,2,8,cond_1,cond_1_rep1,barcode75
75,2,9,cond_1,cond_1_rep1,barcode76
76,2,10,cond_1,cond_1_rep1,barcode77
77,2,11,cond_1,cond_1_rep1,barcode78
78,2,12,cond_1,cond_1_rep1,barcode79
79,2,13,cond_1,cond_1_rep1,barcode80
80,2,14,cond_1,cond_1_rep1,barcode81
81,2,15,cond_1,cond_1_rep1,barcode82
82,2,16,cond_1,cond_1_rep1,barcode83
83,2,17,cond_1,cond_1_rep1,barcode84
84,2,18,cond_1,cond_1_rep1,barcode85
85,2,19,cond_1,cond_1_rep1,barcode86
86,2,20,cond_1,cond_1_rep1,barcode87
87,2,21,cond_1,cond_1_rep1,barcode88
88,2,22,cond_1,cond_1_rep1,barcode89
89,2,23,cond_1,cond_1_rep1,barcode90
90,2,24,cond_1,cond_1_rep1,barcode91
91,2,25,cond_1,cond_1_rep1,barcode92
92,2,26,cond_1,cond_1_rep1,barcode93
93,2,27,cond_1,cond_1_rep1,barcode94
94,2,28,cond_1,cond_1_rep1,barcode95
95,2,29,cond_1,cond_1_rep1,barcode96
96,2,30,cond_1,cond_1_rep1,barcode97
97,2,31,cond_1,cond_1_rep1,barcode98
98,2,32,cond_1,cond_1_rep1,barcode99
99,3,0,cond_1,cond_1_rep1,barcode100
100,3,1,cond_1,cond_1_rep1,barcode101
101,3,2,cond_1,cond_1_rep1,barcode102
102,3,3,cond_1,cond_1_rep1,barcode103
103,3,4,cond_1,cond_1_rep1,barcode104
104,3,5,cond_1,cond_1_rep1,barcode105
105,3,6,cond_1,cond_1_rep1,barcode106
106,3,7,cond_1,cond_1_rep1,barcode107
107,3,8,cond_1,cond_1_rep1,barcode108
108,3,9,cond_1,cond_1_rep1,barcode109
109,3,10,cond_1,cond_1_rep1,barcode110
110,3,11,cond_1,cond_1_rep1,barcode111
111,3,12,cond_1,cond_1_rep1,barcode112
112,3,13,cond_1,cond_1_rep1,barcode113
113,3,14,cond_1,cond_1_rep1,barcode114
114,3,15,cond_1,cond_1_rep1,barcode115
115,3,16,cond_1,cond_1_rep1,barcode116
116,3,17,cond_1,cond_1_rep1,barcode117
117,3,18,cond_1,cond_1_rep1,barcode118
118,3,19,cond_1,cond_1_rep1,barcode119
119,3,20,cond_1,cond_1_rep1,barcode120
120,3,21,cond_1,cond_1_rep1,barcode121
121,3,22,cond_1,cond_1_rep1,barcode122
122,3,23,cond_1,cond_1_rep1,barcode123
123,3,24,cond_1,cond_1_rep1,barcode124
124,3,25,cond_1,cond_1_rep1,barcode125
125,3,26,cond_1,cond_1_rep1,barcode126
126,3,27,cond_1,cond_1_rep1,barcode127
127,3,28,cond_1,cond_1_rep1,barcode128
128,3,29,cond_1,cond_1_rep1,barcode129
129,3,30,cond_1,cond_1_rep1,barcode130
130,3,31,cond_1,cond_1_rep1,barcode131
131,3,32,cond_1,cond_1_rep1,barcode132
132,4,0,cond_1,cond_1_rep1,barcode133
133,4,1,cond_1,cond_1_rep1,barcode134
134,4,2,cond_1,cond_1_rep1,barcode135
135,4,3,cond_1,cond_1_rep1,barcode136
136,4,4,cond_1,cond_1_rep1,barcode137
137,4,5,cond_1,cond_1_rep1,barcode138
138,4,6,cond_1,cond_1_rep1,barcode139
139,4,7,cond_1,cond_1_rep1,barcode140
140,4,8,cond_1,cond_1_rep1,barcode141
141,4,9,cond_1,cond_1_rep1,barcode142
142,4,10,cond_1,cond_1_rep1,barcode143
143,4,11,cond_1,cond_1_rep1,barcode144
144,4,12,cond_1,cond_1_rep1,barcode145
145,4,13,cond_1,cond_1_rep1,barcode146
146,4,14,cond_1,cond_1_rep1,barcode147
147,4,15,cond_1,cond_1_rep1,barcode148
148,4,16,cond_1,cond_1_rep1,barcode149
149,4,17,cond_1,cond_1_rep1,barcode150
150,4,18,cond_1,cond_1_rep1,barcode151
151,4,19,cond_1,cond_1_rep1,barcode152
152,4,20,cond_1,cond_1_rep1,barcode153
153,4,21,cond_1,cond_1_rep1,barcode154
154,4,22,cond_1,cond_1_rep1,barcode155
155,4,23,cond_1,cond_1_rep1,barcode156
156,4,24,cond_1,cond_1_rep1,barcode157
157,4,25,cond_1,cond_1_rep1,barcode158
158,4,26,cond_1,cond_1_rep1,barcode159
159,4,27,cond_1,cond_1_rep1,barcode160
160,4,28,cond_1,cond_1_rep1,barcode161
161,4,29,cond_1,cond_1_rep1,barcode162
162,4,30,cond_1,cond_1_rep1,barcode163
163,4,31,cond_1,cond_1_rep1,barcode164
164,4,32,cond_1,cond_1_rep1,barcode165
165,5,0,cond_1,cond_1_rep1,barcode166
166,5,1,cond_1,cond_1_rep1,barcode167
167,5,2,cond_1,cond_1_rep1,barcode168
168,5,3,cond_1,cond_1_rep1,barcode169
169,5,4,cond_1,cond_1_rep1,barcode170
170,5,5,cond_1,cond_1_rep1,barcode171
171,5,6,cond_1,cond_1_rep1,barcode172
172,5,7,cond_1,cond_1_rep1,barcode173
173,5,8,cond_1,cond_1_rep1,barcode174
174,5,9,cond_1,cond_1_rep1,barcode175
175,5,10,cond_1,cond_1_rep1,barcode176
176,5,11,cond_1,cond_1_rep1,barcode177
177,5,12,cond_1,cond_1_rep1,barcode178
178,5,13,cond_1,cond_1_rep1,barcode179
179,5,14,cond_1,cond_1_rep1,barcode180
180,5,15,cond_1,cond_1_rep1,barcode181
181,5,16,cond_1,cond_1_rep1,barcode182
182,5,17,cond_1,cond_1_rep1,barcode183
183,5,18,cond_1,cond_1_rep1,barcode184
184,5,19,cond_1,cond_1_rep1,barcode185
185,5,20,cond_1,cond_1_rep1,barcode186
186,5,21,cond_1,cond_1_rep1,barcode187
187,5,22,cond_1,cond_1_rep1,barcode188
188,5,23,cond_1,cond_1_rep1,barcode189
189,5,24,cond_1,cond_1_rep1,barcode190
190,5,25,cond_1,cond_1_rep1,barcode191
191,5,26,cond_1,cond_1_rep1,barcode192
192,5,27,cond_1,cond_1_rep1,barcode193
193,5,28,cond_1,cond_1_rep1,barcode194
194,5,29,cond_1,cond_1_rep1,barcode195
195,5,30,cond_1,cond_1_rep1,barcode196
196,5,31,cond_1,cond_1_rep1,barcode197
197,5,32,cond_1,cond_1_rep1,barcode198
198,6,0,cond_1,cond_1_rep1,barcode199
199,6,1,cond_1,cond_1_rep1,barcode200
200,6,2,cond_1,cond_1_rep1,barcode201
201,6,3,cond_1,cond_1_rep1,barcode202
202,6,4,cond_1,cond_1_rep1,barcode203
203,6,5,cond_1,cond_1_rep1,barcode204
204,6,6,cond_1,cond_1_rep1,barcode205
205,6,7,cond_1,cond_1_rep1,barcode206
206,6,8,cond_1,cond_1_rep1,barcode207
207,6,9,cond_1,cond_1_rep1,barcode208
208,6,10,cond_1,cond_1_rep1,barcode209
209,6,11,cond_1,cond_1_rep1,barcode210
210,6,12,cond_1,cond_1_rep1,barcode211
211,6,13,cond_1,cond_1_rep1,barcode212
212,6,14,cond_1,cond_1_rep1,barcode213
213,6,15,cond_1,cond_1_rep1,barcode214
214,6,16,cond_1,cond_1_rep1,barcode215
215,6,17,cond_1,cond_1_rep1,barcode216
216,6,18,cond_1,cond_1_rep1,barcode217
217,6,19,cond_1,cond_1_rep1,barcode218
218,6,20,cond_1,cond_1_rep1,barcode219
219,6,21,cond_1,cond_1_rep1,barcode220
220,6,22,cond_1,cond_1_rep1,barcode221
221,6,23,cond_1,cond_1_rep1,barcode222
222,6,24,cond_1,cond_1_rep1,barcode223
223,6,25,cond_1,cond_1_rep1,barcode224
224,6,26,cond_1,cond_1_rep1,barcode225
225,6,27,cond_1,cond_1_rep1,barcode226
226,6,28,cond_1,cond_1_rep1,barcode227
227,6,29,cond_1,cond_1_rep1,barcode228
228,6,30,cond_1,cond_1_rep1,barcode229
229,6,31,cond_1,cond_1_rep1,barcode230
230,6,32,cond_1,cond_1_rep1,barcode231
231,7,0,cond_1,cond_1_rep1,barcode232
232,7,1,cond_1,cond_1_rep1,barcode233
233,7,2,cond_1,cond_1_rep1,barcode234
234,7,3,cond_1,cond_1_rep1,barcode235
235,7,4,cond_1,cond_1_rep1,barcode236
236,7,5,cond_1,cond_1_rep1,barcode237
237,7,6,cond_1,cond_1_rep1,barcode238
238,7,7,cond_1,cond_1_rep1,barcode239
239,7,8,cond_1,cond_1_rep1,barcode240
240,7,9,cond_1,cond_1_rep1,barcode241
241,7,10,cond_1,cond_1_rep1,barcode242
242,7,11,cond_1,cond_1_rep1,barcode243
243,7,12,cond_1,cond_1_rep1,barcode244
244,7,13,cond_1,cond_1_rep1,barcode245
245,7,14,cond_1,cond_1_rep1,barcode246
246,7,15,cond_1,cond_1_rep1,barcode247
247,7,16,cond_1,cond_1_rep1,barcode248
248,7,17,cond_1,cond_1_rep1,barcode249
249,7,18,cond_1,cond_1_rep1,barcode250
250,7,19,cond_1,cond_1_rep1,barcode251
251,7,20,cond_1,cond_1_rep1,barcode252
252,7,21,cond_1,cond_1_rep1,barcode253
253,7,22,cond_1,cond_1_rep1,barcode254
254,7,23,cond_1,cond_1_rep1,barcode255
255,7,24,cond_1,cond_1_rep1,barcode256
256,7,25,cond_1,cond_1_rep1,barcode257
257,7,26,cond_1,cond_1_rep1,barcode258
258,7,27,cond_1,cond_1_rep1,barcode259
259,7,28,cond_1,cond_1_rep1,barcode260
260,7,29,cond_1,cond_1_rep1,barcode261
261,7,30,cond_1,cond_1_rep1,barcode262
262,7,31,cond_1,cond_1_rep1,barcode263
263,7,32,cond_1,cond_1_rep1,barcode264
264,8,0,cond_1,cond_1_rep1,barcode265
265,8,1,cond_1,cond_1_rep1,barcode266
266,8,2,cond_1,cond_1_rep1,barcode267
267,8,3,cond_1,cond_1_rep1,barcode268
268,8,4,cond_1,cond_1_rep1,barcode269
269,8,5,cond_1,cond_1_rep1,barcode270
270,8,6,cond_1,cond_1_rep1,barcode271
271,8,7,cond_1,cond_1_rep1,barcode272
272,8,8,cond_1,cond_1_rep1,barcode273
273,8,9,cond_1,cond_1_rep1,barcode274
274,8,10,cond_1,cond_1_rep1,barcode275
275,8,11,cond_1,cond_1_rep1,barcode276
276,8,12,cond_1,cond_1_rep1,barcode277
277,8,13,cond_1,cond_1_rep1,barcode278
278,8,14,cond_1,cond_1_rep1,barcode279
279,8,15,cond_1,cond_1_rep1,barcode280
280,8,16,cond_1,cond_1_rep1,barcode281
281,8,17,cond_1,cond_1_rep1,barcode282
282,8,18,cond_1,cond_1_rep1,barcode283
283,8,19,cond_1,cond_1_rep1,barcode284
284,8,20,cond_1,cond_1_rep1,barcode285
285,8,21,cond_1,cond_1_rep1,barcode286
286,8,22,cond_1,cond_1_rep1,barcode287
287,8,23,cond_1,cond_1_rep1,barcode288
288,8,24,cond_1,cond_1_rep1,barcode289
289,8,25,cond_1,cond_1_rep1,barcode290
290,8,26,cond_1,cond_1_rep1,barcode291
291,8,27,cond_1,cond_1_rep1,barcode292
292,8,28,cond_1,cond_1_rep1,barcode293
293,8,29,cond_1,cond_1_rep1,barcode294
294,8,30,cond_1,cond_1_rep1,barcode295
295,8,31,cond_1,cond_1_rep1,barcode296
296,8,32,cond_1,cond_1_rep1,barcode297
297,9,0,cond_1,cond_1_rep1,barcode298
298,9,1,cond_1,cond_1_rep1,barcode299
299,9,2,cond_1,cond_1_rep1,barcode300
300,9,3,cond_1,cond_1_rep1,barcode301
301,9,4,cond_1,cond_1_rep1,barcode302
302,9,5,cond_1,cond_1_rep1,barcode303
303,9,6,cond_1,cond_1_rep1,barcode304
304,9,7,cond_1,cond_1_rep1,barcode305
305,9,8,cond_1,cond_1_rep1,barcode306
306,9,9,cond_1,cond_1_rep1,barcode307
307,9,10,cond_1,cond_1_rep1,barcode308
308,9,11,cond_1,cond_1_rep1,barcode309
309,9,12,cond_1,cond_1_rep1,barcode310
310,9,13,cond_1,cond_1_rep1,barcode311
311,9,14,cond_1,cond_1_rep1,barcode312
312,9,15,cond_1,cond_1_rep1,barcode313
313,9,16,cond_1,cond_1_rep1,barcode314
314,9,17,cond_1,cond_1_rep1,barcode315
315,9,18,cond_1,cond_1_rep1,barcode316
316,9,19,cond_1,cond_1_rep1,barcode317
317,9,20,cond_1,cond_1_rep1,barcode318
318,9,21,cond_1,cond_1_rep1,barcode319
319,9,22,cond_1,cond_1_rep1,barcode320
320,9,23,cond_1,cond_1_rep1,barcode321
321,9,24,cond_1,cond_1_rep1,barcode322
322,9,25,cond_1,cond_1_rep1,barcode323
323,9,26,cond_1,cond_1_rep1,barcode324
324,9,27,cond_1,cond_1_rep1,barcode325
325,9,28,cond_1,cond_1_rep1,barcode326
326,9,29,cond_1,cond_1_rep1,barcode327
327,9,30,cond_1,cond_1_rep1,barcode328
328,9,31,cond_1,cond_1_rep1,barcode329
329,9,32,cond_1,cond_1_rep1,barcode330
330,10,0,cond_1,cond_1_rep1,barcode331
331,10,1,cond_1,cond_1_rep1,barcode332
332,10,2,cond_1,cond_1_rep1,barcode333
333,10,3,cond_1,cond_1_rep1,barcode334
334,10,4,cond_1,cond_1_rep1,barcode335
335,10,5,cond_1,cond_1_rep1,barcode336
336,10,6,cond_1,cond_1_rep1,barcode337
337,10,7,cond_1,cond_1_rep1,barcode338
338,10,8,cond_1,cond_1_rep1,barcode339
339,10,9,cond_1,cond_1_rep1,barcode340
340,10,10,cond_1,cond_1_rep1,barcode341
341,10,11,cond_1,cond_1_rep1,barcode342
342,10,12,cond_1,cond_1_rep1,barcode343
343,10,13,cond_1,cond_1_rep1,barcode344
344,10,14,cond_1,cond_1_rep1,barcode345
345,10,15,cond_1,cond_1_rep1,barcode346
346,10,16,cond_1,cond_1_rep1,barcode347
347,10,17,cond_1,cond_1_rep1,barcode348
348,10,18,cond_1,cond_1_rep1,barcode349
349,10,19,cond_1,cond_1_rep1,barcode350
350,10,20,cond_1,cond_1_rep1,barcode351
351,10,21,cond_1,cond_1_rep1,barcode352
352,10,22,cond_1,cond_1_rep1,barcode353
353,10,23,cond_1,cond_1_rep1,barcode354
354,10,24,cond_1,cond_1_rep1,barcode355
355,10,25,cond_1,cond_1_rep1,barcode356
356,10,26,cond_1,cond_1_rep1,barcode357
357,10,27,cond_1,cond_1_rep1,barcode358
358,10,28,cond_1,cond_1_rep1,barcode359
359,10,29,cond_1,cond_1_rep1,barcode360
360,10,30,cond_1,cond_1_rep1,barcode361
361,10,31,cond_1,cond_1_rep1,barcode362
362,10,32,cond_1,cond_1_rep1,barcode363
363,11,0,cond_1,cond_1_rep1,barcode364
364,11,1,cond_1,cond_1_rep1,barcode365
365,11,2,cond_1,cond_1_rep1,barcode366
366,11,3,cond_1,cond_1_rep1,barcode367
367,11,4,cond_1,cond_1_rep1,barcode368
368,11,5,cond_1,cond_1_rep1,barcode369
369,11,6,cond_1,cond_1_rep1,barcode370
370,11,7,cond_1,cond_1_rep1,barcode371
371,11,8,cond_1,cond_1_rep1,barcode372
372,11,9,cond_1,cond_1_rep1,barcode373
373,11,10,cond_1,cond_1_rep1,barcode374
374,11,11,cond_1,cond_1_rep1,barcode375
375,11,12,cond_1,cond_1_rep1,barcode376
376,11,13,cond_1,cond_1_rep1,barcode377
377,11,14,cond_1,cond_1_rep1,barcode378
378,11,15,cond_1,cond_1_rep1,barcode379
379,11,16,cond_1,cond_1_rep1,barcode380
380,11,17,cond_1,cond_1_rep1,barcode381
381,11,18,cond_1,cond_1_rep1,barcode382
382,11,19,cond_1,cond_1_rep1,barcode383
383,11,20,cond_1,cond_1_rep1,barcode384
384,11,21,cond_1,cond_1_rep1,barcode385
385,11,22,cond_1,cond_1_rep1,barcode386
386,11,23,cond_1,cond_1_rep1,barcode387
387,11,24,cond_1,cond_1_rep1,barcode388
388,11,25,cond_1,cond_1_rep1,barcode389
389,11,26,cond_1,cond_1_rep1,barcode390
390,11,27,cond_1,cond_1_rep1,barcode391
391,11,28,cond_1,cond_1_rep1,barcode392
392,11,29,cond_1,cond_1_rep1,barcode393
393,11,30,cond_1,cond_1_rep1,barcode394
394,11,31,cond_1,cond_1_rep1,barcode395
395,11,32,cond_1,cond_1_rep1,barcode396
396,12,0,cond_1,cond_1_rep1,barcode397
397,12,1,cond_1,cond_1_rep1,barcode398
398,12,2,cond_1,cond_1_rep1,barcode399
399,12,3,cond_1,cond_1_rep1,barcode400
400,12,4,cond_1,cond_1_rep1,barcode401
401,12,5,cond_1,cond_1_rep1,barcode402
402,12,6,cond_1,cond_1_rep1,barcode403
403,12,7,cond_1,cond_1_rep1,barcode404
404,12,8,cond_1,cond_1_rep1,barcode405
405,12,9,cond_1,cond_1_rep1,barcode406
406,12,10,cond_1,cond_1_rep1,barcode407
407,12,11,cond_1,cond_1_rep1,barcode408
408,12,12,cond_1,cond_1_rep1,barcode409
409,12,13,cond_1,cond_1_rep1,barcode410
410,12,14,cond_1,cond_1_rep1,barcode411
411,12,15,cond_1,cond_1_rep1,barcode412
412,12,16,cond_1,cond_1_rep1,barcode413
413,12,17,cond_1,cond_1_rep1,barcode414
414,12,18,cond_1,cond_1_rep1,barcode415
415,12,19,cond_1,cond_1_rep1,barcode416
416,12,20,cond_1,cond_1_rep1,barcode417
417,12,21,cond_1,cond_1_rep1,barcode418
418,12,22,cond_1,cond_1_rep1,barcode419
419,12,23,cond_1,cond_1_rep1,barcode420
420,12,24,cond_1,cond_1_rep1,barcode421
421,12,25,cond_1,cond_1_rep1,barcode422
422,12,26,cond_1,cond_1_rep1,barcode423
423,12,27,cond_1,cond_1_rep1,barcode424
424,12,28,cond_1,cond_1_rep1,barcode425
425,12,29,cond_1,cond_1_rep1,barcode426
426,12,30,cond_1,cond_1_rep1,barcode427
427,12,31,cond_1,cond_1_rep1,barcode428
428,12,32,cond_1,cond_1_rep1,barcode429
429,13,0,cond_1,cond_1_rep1,barcode430
430,13,1,cond_1,cond_1_rep1,barcode431
431,13,2,cond_1,cond_1_rep1,barcode432
432,13,3,cond_1,cond_1_rep1,barcode433
433,13,4,cond_1,cond_1_rep1,barcode434
434,13,5,cond_1,cond_1_rep1,barcode435
435,13,6,cond_1,cond_1_rep1,barcode436
436,13,7,cond_1,cond_1_rep1,barcode437
437,13,8,cond_1,cond_1_rep1,barcode438
438,13,9,cond_1,cond_1_rep1,barcode439
439,13,10,cond_1,cond_1_rep1,barcode440
440,13,11,cond_1,cond_1_rep1,barcode441
441,13,12,cond_1,cond_1_rep1,barcode442
442,13,13,cond_1,cond_1_rep1,barcode443
443,13,14,cond_1,cond_1_rep1,barcode444
444,13,15,cond_1,cond_1_rep1,barcode445
445,13,16,cond_1,cond_1_rep1,barcode446
446,13,17,cond_1,cond_1_rep1,barcode447
447,13,18,cond_1,cond_1_rep1,barcode448
448,13,19,cond_1,cond_1_rep1,barcode449
449,13,20,cond_1,cond_1_rep1,barcode450
450,13,21,cond_1,cond_1_rep1,barcode451
451,13,22,cond_1,cond_1_rep1,barcode452
452,13,23,cond_1,cond_1_rep1,barcode453
453,13,24,cond_1,cond_1_rep1,barcode454
454,13,25,cond_1,cond_1_rep1,barcode455
455,13,26,cond_1,cond_1_rep1,barcode456
456,13,27,cond_1,cond_1_rep1,barcode457
457,13,28,cond_1,cond_1_rep1,barcode458
458,13,29,cond_1,cond_1_rep1,barcode459
459,13,30,cond_1,cond_1_rep1,barcode460
460,13,31,cond_1,cond_1_rep1,barcode461
461,13,32,cond_1,cond_1_rep1,barcode462
462,14,0,cond_1,cond_1_rep1,barcode463
463,14,1,cond_1,cond_1_rep1,barcode464
464,14,2,cond_1,cond_1_rep1,barcode465
465,14,3,cond_1,cond_1_rep1,barcode466
466,14,4,cond_1,cond_1_rep1,barcode467
467,14,5,cond_1,cond_1_rep1,barcode468
468,14,6,cond_1,cond_1_rep1,barcode469
469,14,7,cond_1,cond_1_rep1,barcode470
470,14,8,cond_1,cond_1_rep1,barcode471
471,14,9,cond_1,cond_1_rep1,barcode472
472,14,10,cond_1,cond_1_rep1,barcode473
473,14,11,cond_1,cond_1_rep1,barcode474
474,14,12,cond_1,cond_1_rep1,barcode475
475,14,13,cond_1,cond_1_rep1,barcode476
476,14,14,cond_1,cond_1_rep1,barcode477
477,14,15,cond_1,cond_1_rep1,barcode478
478,14,16,cond_1,cond_1_rep1,barcode479
479,14,17,cond_1,cond_1_rep1,barcode480
480,14,18,cond_1,cond_1_rep1,barcode481
481,14,19,cond_1,cond_1_rep1,barcode482
482,14,20,cond_1,cond_1_rep1,barcode483
483,14,21,cond_1,cond_1_rep1,barcode484
484,14,22,cond_1,cond_1_rep1,barcode485
485,14,23,cond_1,cond_1_rep1,barcode486
486,14,24,cond_1,cond_1_rep1,barcode487
487,14,25,cond_1,cond_1_rep1,barcode488
488,14,26,cond_1,cond_1_rep1,barcode489
489,14,27,cond_1,cond_1_rep1,barcode490
490,14,28,cond_1,cond_1_rep1,barcode491
491,14,29,cond_1,cond_1_rep1,barcode492
492,14,30,cond_1,cond_1_rep1,barcode493
493,14,31,cond_1,cond_1_rep1,barcode494
494,14,32,cond_1,cond_1_rep1,barcode495
495,15,0,cond_1,cond_1_rep1,barcode496
496,15,1,cond_1,cond_1_rep1,barcode497
497,15,2,cond_1,cond_1_rep1,barcode498
498,15,3,cond_1,cond_1_rep1,barcode499
499,15,4,cond_1,cond_1_rep1,barcode500
500,15,5,cond_1,cond_1_rep1,barcode501
501,15,6,cond_1,cond_1_rep1,barcode502
502,15,7,cond_1,cond_1_rep1,barcode503
503,15,8,cond_1,cond_1_rep1,barcode504
504,15,9,cond_1,cond_1_rep1,barcode505
505,15,10,cond_1,cond_1_rep1,barcode506
506,15,11,cond_1,cond_1_rep1,barcode507
507,15,12,cond_1,cond_1_rep1,barcode508
508,15,13,cond_1,cond_1_rep1,barcode509
509,15,14,cond_1,cond_1_rep1,barcode510
510,15,15,cond_1,cond_1_rep1,barcode511
511,15,16,cond_1,cond_1_rep1,barcode512
512,15,17,cond_1,cond_1_rep1,barcode513
513,15,18,cond_1,cond_1_rep1,barcode514
514,15,19,cond_1,cond_1_rep1,barcode515
515,15,20,cond_1,cond_1_rep1,barcode516
516,15,21,cond_1,cond_1_rep1,barcode517
517,15,22,cond_1,cond_1_rep1,barcode518
518,15,23,cond_1,cond_1_rep1,barcode519
519,15,24,cond_1,cond_1_rep1,barcode520
520,15,25,cond_1,cond_1_rep1,barcode521
521,15,26,cond_1,cond_1_rep1,barcode522
522,15,27,cond_1,cond_1_rep1,barcode523
523,15,28,cond_1,cond_1_rep1,barcode524
524,15,29,cond_1,cond_1_rep1,barcode525
525,15,30,cond_1,cond_1_rep1,barcode526
526,15,31,cond_1,cond_1_rep1,barcode527
527,15,32,cond_1,cond_1_rep1,barcode528
528,16,0,cond_1,cond_1_rep1,barcode529
529,16,1,cond_1,cond_1_rep1,barcode530
530,16,2,cond_1,cond_1_rep1,barcode531
531,16,3,cond_1,cond_1_rep1,barcode532
532,16,4,cond_1,cond_1_rep1,barcode533
533,16,5,cond_1,cond_1_rep1,barcode534
534,16,6,cond_1,cond_1_rep1,barcode535
535,16,7,cond_1,cond_1_rep1,barcode536
536,16,8,cond_1,cond_1_rep1,barcode537
537,16,9,cond_1,cond_1_rep1,barcode538
538,16,10,cond_1,cond_1_rep1,barcode539
539,16,11,cond_1,cond_1_rep1,barcode540
540,16,12,cond_1,cond_1_rep1,barcode541
541,16,13,cond_1,cond_1_rep1,barcode542
542,16,14,cond_1,cond_1_rep1,barcode543
543,16,15,cond_1,cond_1_rep1,barcode544
544,16,16,cond_1,cond_1_rep1,barcode545
545,16,17,cond_1,cond_1_rep1,barcode546
546,16,18,cond_1,cond_1_rep1,barcode547
547,16,19,cond_1,cond_1_rep1,barcode548
548,16,20,cond_1,cond_1_rep1,barcode549
549,16,21,cond_1,cond_1_rep1,barcode550
550,16,22,cond_1,cond_1_rep1,barcode551
551,16,23,cond_1,cond_1_rep1,barcode552
552,16,24,cond_1,cond_1_rep1,barcode553
553,16,25,cond_1,cond_1_rep1,barcode554
554,16,26,cond_1,cond_1_rep1,barcode555
555,16,27,cond_1,cond_1_rep1,barcode556
556,16,28,cond_1,cond_1_rep1,barcode557
557,16,29,cond_1,cond_1_rep1,barcode558
558,16,30,cond_1,cond_1_rep1,barcode559
559,16,31,cond_1,cond_1_rep1,barcode560
560,16,32,cond_1,cond_1_rep1,barcode561
561,17,0,cond_1,cond_1_rep1,barcode562
562,17,1,cond_1,cond_1_rep1,barcode563
563,17,2,cond_1,cond_1_rep1,barcode564
564,17,3,cond_1,cond_1_rep1,barcode565
565,17,4,cond_1,cond_1_rep1,barcode566
566,17,5,cond_1,cond_1_rep1,barcode567
567,17,6,cond_1,cond_1_rep1,barcode568
568,17,7,cond_1,cond_1_rep1,barcode569
569,17,8,cond_1,cond_1_rep1,barcode570
570,17,9,cond_1,cond_1_rep1,barcode571
571,17,10,cond_1,cond_1_rep1,barcode572
572,17,11,cond_1,cond_1_rep1,barcode573
573,17,12,cond_1,cond_1_rep1,barcode574
574,17,13,cond_1,cond_1_rep1,barcode575
575,17,14,cond_1,cond_1_rep1,barcode576
576,17,15,cond_1,cond_1_rep1,barcode577
577,17,16,cond_1,cond_1_rep1,barcode578
578,17,17,cond_1,cond_1_rep1,barcode579
579,17,18,cond_1,cond_1_rep1,barcode580
580,17,19,cond_1,cond_1_rep1,barcode581
581,17,20,cond_1,cond_1_rep1,barcode582
582,17,21,cond_1,cond_1_rep1,barcode583
583,17,22,cond_1,cond_1_rep1,barcode584
584,17,23,cond_1,cond_1_rep1,barcode585
585,17,24,cond_1,cond_1_rep1,barcode586
586,17,25,cond_1,cond_1_rep1,barcode587
587,17,26,cond_1,cond_1_rep1,barcode588
588,17,27,cond_1,cond_1_rep1,barcode589
589,17,28,cond_1,cond_1_rep1,barcode590
590,17,29,cond_1,cond_1_rep1,barcode591
591,17,30,cond_1,cond_1_rep1,barcode592
592,17,31,cond_1,cond_1_rep1,barcode593
593,17,32,cond_1,cond_1_rep1,barcode594
594,18,0,cond_1,cond_1_rep1,barcode595
595,18,1,cond_1,cond_1_rep1,barcode596
596,18,2,cond_1,cond_1_rep1,barcode597
597,18,3,cond_1,cond_1_rep1,barcode598
598,18,4,cond_1,cond_1_rep1,barcode599
599,18,5,cond_1,cond_1_rep1,barcode600
600,18,6,cond_1,cond_1_rep1,barcode601
601,18,7,cond_1,cond_1_rep1,barcode602
602,18,8,cond_1,cond_1_rep1,barcode603
603,18,9,cond_1,cond_1_rep1,barcode604
604,18,10,cond_1,cond_1_rep1,barcode605
605,18,11,cond_1,cond_1_rep1,barcode606
606,18,12,cond_1,cond_1_rep1,barcode607
607,18,13,cond_1,cond_1_rep1,barcode608
608,18,14,cond_1,cond_1_rep1,barcode609
609,18,15,cond_1,cond_1_rep1,barcode610
610,18,16,cond_1,cond_1_rep1,barcode611
611,18,17,cond_1,cond_1_rep1,barcode612
612,18,18,cond_1,cond_1_rep1,barcode613
613,18,19,cond_1,cond_1_rep1,barcode614
614,18,20,cond_1,cond_1_rep1,barcode615
615,18,21,cond_1,cond_1_rep1,barcode616
616,18,22,cond_1,cond_1_rep1,barcode617
617,18,23,cond_1,cond_1_rep1,barcode618
618,18,24,cond_1,cond_1_rep1,barcode619
619,18,25,cond_1,cond_1_rep1,barcode620
620,18,26,cond_1,cond_1_rep1,barcode621
621,18,27,cond_1,cond_1_rep1,barcode622
622,18,28,cond_1,cond_1_rep1,barcode623
623,18,29,cond_1,cond_1_rep1,barcode624
624,18,30,cond_1,cond_1_rep1,barcode625
625,18,31,cond_1,cond_1_rep1,barcode626
626,18,32,cond_1,cond_1_rep1,barcode627
627,19,0,cond_1,cond_1_rep1,barcode628
628,19,1,cond_1,cond_1_rep1,barcode629
629,19,2,cond_1,cond_1_rep1,barcode630
630,19,3,cond_1,cond_1_rep1,barcode631
631,19,4,cond_1,cond_1_rep1,barcode632
632,19,5,cond_1,cond_1_rep1,barcode633
633,19,6,cond_1,cond_1_rep1,barcode634
634,19,7,cond_1,cond_1_rep1,barcode635
635,19,8,cond_1,cond_1_rep1,barcode636
636,19,9,cond_1,cond_1_rep1,barcode637
637,19,10,cond_1,cond_1_rep1,barcode638
638,19,11,cond_1,cond_1_rep1,barcode639
639,19,12,cond_1,cond_1_rep1,barcode640
640,19,13,cond_1,cond_1_rep1,barcode641
641,19,14,cond_1,cond_1_rep1,barcode642
642,19,15,cond_1,cond_1_rep1,barcode643
643,19,16,cond_1,cond_1_rep1,barcode644
644,19,17,cond_1,cond_1_rep1,barcode645
645,19,18,cond_1,cond_1_rep1,barcode646
646,19,19,cond_1,cond_1_rep1,barcode647
647,19,20,cond_1,cond_1_rep1,barcode648
648,19,21,cond_1,cond_1_rep1,barcode649
649,19,22,cond_1,cond_1_rep1,barcode650
650,19,23,cond_1,cond_1_rep1,barcode651
651,19,24,cond_1,cond_1_rep1,barcode652
652,19,25,cond_1,cond_1_rep1,barcode653
653,19,26,cond_1,cond_1_rep1,barcode654
654,19,27,cond_1,cond_1_rep1,barcode655
655,19,28,cond_1,cond_1_rep1,barcode656
656,19,29,cond_1,cond_1_rep1,barcode657
657,19,30,cond_1,cond_1_rep1,barcode658
658,19,31,cond_1,cond_1_rep1,barcode659
659,19,32,cond_1,cond_1_rep1,barcode660
660,20,0,cond_1,cond_1_rep1,barcode661
661,20,1,cond_1,cond_1_rep1,barcode662
662,20,2,cond_1,cond_1_rep1,barcode663
663,20,3,cond_1,cond_1_rep1,barcode664
664,20,4,cond_1,cond_1_rep1,barcode665
665,20,5,cond_1,cond_1_rep1,barcode666
666,20,6,cond_1,cond_1_rep1,barcode667
667,20,7,cond_1,cond_1_rep1,barcode668
668,20,8,cond_1,cond_1_rep1,barcode669
669,20,9,cond_1,cond_1_rep1,barcode670
670,20,10,cond_1,cond_1_rep1,barcode671
671,20,11,cond_1,cond_1_rep1,barcode672
672,20,12,cond_1,cond_1_rep1,barcode673
673,20,13,cond_1,cond_1_rep1,barcode674
674,20,14,cond_1,cond_1_rep1,barcode675
675,20,15,cond_1,cond_1_rep1,barcode676
676,20,16,cond_1,cond_1_rep1,barcode677
677,20,17,cond_1,cond_1_rep1,barcode678
678,20,18,cond_1,cond_1_rep1,barcode679
679,20,19,cond_1,cond_1_rep1,barcode680
680,20,20,cond_1,cond_1_rep1,barcode681
681,20,21,cond_1,cond_1_rep1,barcode682
682,20,22,cond_1,cond_1_rep1,barcode683
683,20,23,cond_1,cond_1_rep1,barcode684
684,20,24,cond_1,cond_1_rep1,barcode685
685,20,25,cond_1,cond_1_rep1,barcode686
686,20,26,cond_1,cond_1_rep1,barcode687
687,20,27,cond_1,cond_1_rep1,barcode688
688,20,28,cond_1,cond_1_rep1,barcode689
689,20,29,cond_1,cond_1_rep1,barcode690
690,20,30,cond_1,cond_1_rep1,barcode691
691,20,31,cond_1,cond_1_rep1,barcode692
692,20,32,cond_1,cond_1_rep1,barcode693
693,21,0,cond_1,cond_1_rep1,barcode694
694,21,1,cond_1,cond_1_rep1,barcode695
695,21,2,cond_1,cond_1_rep1,barcode696
696,21,3,cond_1,cond_1_rep1,barcode697
697,21,4,cond_1,cond_1_rep1,barcode698
698,21,5,cond_1,cond_1_rep1,barcode699
699,21,6,cond_1,cond_1_rep1,barcode700
700,21,7,cond_1,cond_1_rep1,barcode701
701,21,8,cond_1,cond_1_rep1,barcode702
702,21,9,cond_1,cond_1_rep1,barcode703
703,21,10,cond_1,cond_1_rep1,barcode704
704,21,11,cond_1,cond_1_rep1,barcode705
705,21,12,cond_1,cond_1_rep1,barcode706
706,21,13,cond_1,cond_1_rep1,barcode707
707,21,14,cond_1,cond_1_rep1,barcode708
708,21,15,cond_1,cond_1_rep1,barcode709
709,21,16,cond_1,cond_1_rep1,barcode710
710,21,17,cond_1,cond_1_rep1,barcode711
711,21,18,cond_1,cond_1_rep1,barcode712
712,21,19,cond_1,cond_1_rep1,barcode713
713,21,20,cond_1,cond_1_rep1,barcode714
714,21,21,cond_1,cond_1_rep1,barcode715
715,21,22,cond_1,cond_1_rep1,barcode716
716,21,23,cond_1,cond_1_rep1,barcode717
717,21,24,cond_1,cond_1_rep1,barcode718
718,21,25,cond_1,cond_1_rep1,barcode719
719,21,26,cond_1,cond_1_rep1,barcode720
720,21,27,cond_1,cond_1_rep1,barcode721
721,21,28,cond_1,cond_1_rep1,barcode722
722,21,29,cond_1,cond_1_rep1,barcode723
723,21,30,cond_1,cond_1_rep1,barcode724
724,21,31,cond_1,cond_1_rep1,barcode725
725,21,32,cond_1,cond_1_rep1,barcode726
726,22,0,cond_1,cond_1_rep1,barcode727
727,22,1,cond_1,cond_1_rep1,barcode728
728,22,2,cond_1,cond_1_rep1,barcode729
729,22,3,cond_1,cond_1_rep1,barcode730
730,22,4,cond_1,cond_1_rep1,barcode731
731,22,5,cond_1,cond_1_rep1,barcode732
732,22,6,cond_1,cond_1_rep1,barcode733
733,22,7,cond_1,cond_1_rep1,barcode734
734,22,8,cond_1,cond_1_rep1,barcode735
735,22,9,cond_1,cond_1_rep1,barcode736
736,22,10,cond_1,cond_1_rep1,barcode737
737,22,11,cond_1,cond_1_rep1,barcode738
738,22,12,cond_1,cond_1_rep1,barcode739
739,22,13,cond_1,cond_1_rep1,barcode740
740,22,14,cond_1,cond_1_rep1,barcode741
741,22,15,cond_1,cond_1_rep1,barcode742
742,22,16,cond_1,cond_1_rep1,barcode743
743,22,17,cond_1,cond_1_rep1,barcode744
744,22,18,cond_1,cond_1_rep1,barcode745
745,22,19,cond_1,cond_1_rep1,barcode746
746,22,20,cond_1,cond_1_rep1,barcode747
747,22,21,cond_1,cond_1_rep1,barcode748
748,22,22,cond_1,cond_1_rep1,barcode749
749,22,23,cond_1,cond_1_rep1,barcode750
750,22,24,cond_1,cond_1_rep1,barcode751
751,22,25,cond_1,cond_1_rep1,barcode752
752,22,26,cond_1,cond_1_rep1,barcode753
753,22,27,cond_1,cond_1_rep1,barcode754
754,22,28,cond_1,cond_1_rep1,barcode755
755,22,29,cond_1,cond_1_rep1,barcode756
756,22,30,cond_1,cond_1_rep1,barcode757
757,22,31,cond_1,cond_1_rep1,barcode758
758,22,32,cond_1,cond_1_rep1,barcode759
759,23,0,cond_1,cond_1_rep1,barcode760
760,23,1,cond_1,cond_1_rep1,barcode761
761,23,2,cond_1,cond_1_rep1,barcode762
762,23,3,cond_1,cond_1_rep1,barcode763
763,23,4,cond_1,cond_1_rep1,barcode764
764,23,5,cond_1,cond_1_rep1,barcode765
765,23,6,cond_1,cond_1_rep1,barcode766
766,23,7,cond_1,cond_1_rep1,barcode767
767,23,8,cond_1,cond_1_rep1,barcode768
768,23,9,cond_1,cond_1_rep1,barcode769
769,23,10,cond_1,cond_1_rep1,barcode770
770,23,11,cond_1,cond_1_rep1,barcode771
771,23,12,cond_1,cond_1_rep1,barcode772
772,23,13,cond_1,cond_1_rep1,barcode773
773,23,14,cond_1,cond_1_rep1,barcode774
774,23,15,cond_1,cond_1_rep1,barcode775
775,23,16,cond_1,cond_1_rep1,barcode776
776,23,17,cond_1,cond_1_rep1,barcode777
777,23,18,cond_1,cond_1_rep1,barcode778
778,23,19,cond_1,cond_1_rep1,barcode779
779,23,20,cond_1,cond_1_rep1,barcode780
780,23,21,cond_1,cond_1_rep1,barcode781
781,23,22,cond_1,cond_1_rep1,barcode782
782,23,23,cond_1,cond_1_rep1,barcode783
783,23,24,cond_1,cond_1_rep1,barcode784
784,23,25,cond_1,cond_1_rep1,barcode785
785,23,26,cond_1,cond_1_rep1,barcode786
786,23,27,cond_1,cond_1_rep1,barcode787
787,23,28,cond_1,cond_1_rep1,barcode788
788,23,29,cond_1,cond_1_rep1,barcode789
789,23,30,cond_1,cond_1_rep1,barcode790
790,23,31,cond_1,cond_1_rep1,barcode791
791,23,32,cond_1,cond_1_rep1,barcode792
792,24,0,cond_1,cond_1_rep1,barcode793
793,24,1,cond_1,cond_1_rep1,barcode794
794,24,2,cond_1,cond_1_rep1,barcode795
795,24,3,cond_1,cond_1_rep1,barcode796
796,24,4,cond_1,cond_1_rep1,barcode797
797,24,5,cond_1,cond_1_rep1,barcode798
798,24,6,cond_1,cond_1_rep1,barcode799
799,24,7,cond_1,cond_1_rep1,barcode800
800,24,8,cond_1,cond_1_rep1,barcode801
801,24,9,cond_1,cond_1_rep1,barcode802
802,24,10,cond_1,cond_1_rep1,barcode803
803,24,11,cond_1,cond_1_rep1,barcode804
804,24,12,cond_1,cond_1_rep1,barcode805
805,24,13,cond_1,cond_1_rep1,barcode806
806,24,14,cond_1,cond_1_rep1,barcode807
807,24,15,cond_1,cond_1_rep1,barcode808
808,24,16,cond_1,cond_1_rep1,barcode809
809,24,17,cond_1,cond_1_rep1,barcode810
810,24,18,cond_1,cond_1_rep1,barcode811
811,24,19,cond_1,cond_1_rep1,barcode812
812,24,20,cond_1,cond_1_rep1,barcode813
813,24,21,cond_1,cond_1_rep1,barcode814
814,24,22,cond_1,cond_1_rep1,barcode815
815,24,23,cond_1,cond_1_rep1,barcode816
816,24,24,cond_1,cond_1_rep1,barcode817
817,24,25,cond_1,cond_1_rep1,barcode818
818,24,26,cond_1,cond_1_rep1,barcode819
819,24,27,cond_1,cond_1_rep1,barcode820
820,24,28,cond_1,cond_1_rep1,barcode821
821,24,29,cond_1,cond_1_rep1,barcode822
822,24,30,cond_1,cond_1_rep1,barcode823
823,24,31,cond_1,cond_1_rep1,barcode824
824,24,32,cond_1,cond_1_rep1,barcode825
825,25,0,cond_1,cond_1_rep1,barcode826
826,25,1,cond_1,cond_1_rep1,barcode827
827,25,2,cond_1,cond_1_rep1,barcode828
828,25,3,cond_1,cond_1_rep1,barcode829
829,25,4,cond_1,cond_1_rep1,barcode830
830,25,5,cond_1,cond_1_rep1,barcode831
831,25,6,cond_1,cond_1_rep1,barcode832
832,25,7,cond_1,cond_1_rep1,barcode833
833,25,8,cond_1,cond_1_rep1,barcode834
834,25,9,cond_1,cond_1_rep1,barcode835
835,25,10,cond_1,cond_1_rep1,barcode836
836,25,11,cond_1,cond_1_rep1,barcode837
837,25,12,cond_1,cond_1_rep1,barcode838
838,25,13,cond_1,cond_1_rep1,barcode839
839,25,14,cond_1,cond_1_rep1,barcode840
840,25,15,cond_1,cond_1_rep1,barcode841
841,25,16,cond_1,cond_1_rep1,barcode842
842,25,17,cond_1,cond_1_rep1,barcode843
843,25,18,cond_1,cond_1_rep1,barcode844
844,25,19,cond_1,cond_1_rep1,barcode845
845,25,20,cond_1,cond_1_rep1,barcode846
846,25,21,cond_1,cond_1_rep1,barcode847
847,25,22,cond_1,cond_1_rep1,barcode848
848,25,23,cond_1,cond_1_rep1,barcode849
849,25,24,cond_1,cond_1_rep1,barcode850
850,25,25,cond_1,cond_1_rep1,barcode851
851,25,26,cond_1,cond_1_rep1,barcode852
852,25,27,cond_1,cond_1_rep1,barcode853
853,25,28,cond_1,cond_1_rep1,barcode854
854,25,29,cond_1,cond_1_rep1,barcode855
855,25,30,cond_1,cond_1_rep1,barcode856
856,25,31,cond_1,cond_1_rep1,barcode857
857,25,32,cond_1,cond_1_rep1,barcode858
858,26,0,cond_1,cond_1_rep1,barcode859
859,26,1,cond_1,cond_1_rep1,barcode860
860,26,2,cond_1,cond_1_rep1,barcode861
861,26,3,cond_1,cond_1_rep1,barcode862
862,26,4,cond_1,cond_1_rep1,barcode863
863,26,5,cond_1,cond_1_rep1,barcode864
864,26,6,cond_1,cond_1_rep1,barcode865
865,26,7,cond_1,cond_1_rep1,barcode866
866,26,8,cond_1,cond_1_rep1,barcode867
867,26,9,cond_1,cond_1_rep1,barcode868
868,26,10,cond_1,cond_1_rep1,barcode869
869,26,11,cond_1,cond_1_rep1,barcode870
870,26,12,cond_1,cond_1_rep1,barcode871
871,26,13,cond_1,cond_1_rep1,barcode872
872,26,14,cond_1,cond_1_rep1,barcode873
873,26,15,cond_1,cond_1_rep1,barcode874
874,26,16,cond_1,cond_1_rep1,barcode875
875,26,17,cond_1,cond_1_rep1,barcode876
876,26,18,cond_1,cond_1_rep1,barcode877
877,26,19,cond_1,cond_1_rep1,barcode878
878,26,20,cond_1,cond_1_rep1,barcode879
879,26,21,cond_1,cond_1_rep1,barcode880
880,26,22,cond_1,cond_1_rep1,barcode881
881,26,23,cond_1,cond_1_rep1,barcode882
882,26,24,cond_1,cond_1_rep1,barcode883
883,26,25,cond_1,cond_1_rep1,barcode884
884,26,26,cond_1,cond_1_rep1,barcode885
885,26,27,cond_1,cond_1_rep1,barcode886
886,26,28,cond_1,cond_1_rep1,barcode887
887,26,29,cond_1,cond_1_rep1,barcode888
888,26,30,cond_1,cond_1_rep1,barcode889
889,26,31,cond_1,cond_1_rep1,barcode890
890,26,32,cond_1,cond_1_rep1,barcode891
891,27,0,cond_1,cond_1_rep1,barcode892
892,27,1,cond_1,cond_1_rep1,barcode893
893,27,2,cond_1,cond_1_rep1,barcode894
894,27,3,cond_1,cond_1_rep1,barcode895
895,27,4,cond_1,cond_1_rep1,barcode896
896,27,5,cond_1,cond_1_rep1,barcode897
897,27,6,cond_1,cond_1_rep1,barcode898
898,27,7,cond_1,cond_1_rep1,barcode899
899,27,8,cond_1,cond_1_rep1,barcode900
900,27,9,cond_1,cond_1_rep1,barcode901
901,27,10,cond_1,cond_1_rep1,barcode902
902,27,11,cond_1,cond_1_rep1,barcode903
903,27,12,cond_1,cond_1_rep1,barcode904
904,27,13,cond_1,cond_1_rep1,barcode905
905,27,14,cond_1,cond_1_rep1,barcode906
906,27,15,cond_1,cond_1_rep1,barcode907
907,27,16,cond_1,cond_1_rep1,barcode908
908,27,17,cond_1,cond_1_rep1,barcode909
909,27,18,cond_1,cond_1_rep1,barcode910
910,27,19,cond_1,cond_1_rep1,barcode911
911,27,20,cond_1,cond_1_rep1,barcode912
912,27,21,cond_1,cond_1_rep1,barcode913
913,27,22,cond_1,cond_1_rep1,barcode914
914,27,23,cond_1,cond_1_rep1,barcode915
915,27,24,cond_1,cond_1_rep1,barcode916
916,27,25,cond_1,cond_1_rep1,barcode917
917,27,26,cond_1,cond_1_rep1,barcode918
918,27,27,cond_1,cond_1_rep1,barcode919
919,27,28,cond_1,cond_1_rep1,barcode920
920,27,29,cond_1,cond_1_rep1,barcode921
921,27,30,cond_1,cond_1_rep1,barcode922
922,27,31,cond_1,cond_1_rep1,barcode923
923,27,32,cond_1,cond_1_rep1,barcode924
924,28,0,cond_1,cond_1_rep1,barcode925
925,28,1,cond_1,cond_1_rep1,barcode926
926,28,2,cond_1,cond_1_rep1,barcode927
927,28,3,cond_1,cond_1_rep1,barcode928
928,28,4,cond_1,cond_1_rep1,barcode929
929,28,5,cond_1,cond_1_rep1,barcode930
930,28,6,cond_1,cond_1_rep1,barcode931
931,28,7,cond_1,cond_1_rep1,barcode932
932,28,8,cond_1,cond_1_rep1,barcode933
933,28,9,cond_1,cond_1_rep1,barcode934
934,28,10,cond_1,cond_1_rep1,barcode935
935,28,11,cond_1,cond_1_rep1,barcode936
936,28,12,cond_1,cond_1_rep1,barcode937
937,28,13,cond_1,cond_1_rep1,barcode938
938,28,14,cond_1,cond_1_rep1,barcode939
939,28,15,cond_1,cond_1_rep1,barcode940
940,28,16,cond_1,cond_1_rep1,barcode941
941,28,17,cond_1,cond_1_rep1,barcode942
942,28,18,cond_1,cond_1_rep1,barcode943
943,28,19,cond_1,cond_1_rep1,barcode944
944,28,20,cond_1,cond_1_rep1,barcode945
945,28,21,cond_1,cond_1_rep1,barcode946
946,28,22,cond_1,cond_1_rep1,barcode947
947,28,23,cond_1,cond_1_rep1,barcode948
948,28,24,cond_1,cond_1_rep1,barcode949
949,28,25,cond_1,cond_1_rep1,barcode950
950,28,26,cond_1,cond_1_rep1,barcode951
951,28,27,cond_1,cond_1_rep1,barcode952
952,28,28,cond_1,cond_1_rep1,barcode953
953,28,29,cond_1,cond_1_rep1,barcode954
954,28,30,cond_1,cond_1_rep1,barcode955
955,28,31,cond_1,cond_1_rep1,barcode956
956,28,32,cond_1,cond_1_rep1,barcode957
957,29,0,cond_1,cond_1_rep1,barcode958
958,29,1,cond_1,cond_1_rep1,barcode959
959,29,2,cond_1,cond_1_rep1,barcode960
960,29,3,cond_1,cond_1_rep1,barcode961
961,29,4,cond_1,cond_1_rep1,barcode962
962,29,5,cond_1,cond_1_rep1,barcode963
963,29,6,cond_1,cond_1_rep1,barcode964
964,29,7,cond_1,cond_1_rep1,barcode965
965,29,8,cond_1,cond_1_rep1,barcode966
966,29,9,cond_1,cond_1_rep1,barcode967
967,29,10,cond_1,cond_1_rep1,barcode968
968,29,11,cond_1,cond_1_rep1,barcode969
969,29,12,cond_1,cond_1_rep1,barcode970
970,29,13,cond_1,cond_1_rep1,barcode971
971,29,14,cond_1,cond_1_rep1,barcode972
972,29,15,cond_1,cond_1_rep1,barcode973
973,29,16,cond_1,cond_1_rep1,barcode974
974,29,17,cond_1,cond_1_rep1,barcode975
975,29,18,cond_1,cond_1_rep1,barcode976
976,29,19,cond_1,cond_1_rep1,barcode977
977,29,20,cond_1,cond_1_rep1,barcode978
978,29,21,cond_1,cond_1_rep1,barcode979
979,29,22,cond_1,cond_1_rep1,barcode980
980,29,23,cond_1,cond_1_rep1,barcode981
981,29,24,cond_1,cond_1_rep1,barcode982
982,29,25,cond_1,cond_1_rep1,barcode983
983,29,26,cond_1,cond_1_rep1,barcode984
984,29,27,cond_1,cond_1_rep1,barcode985
985,29,28,cond_1,cond_1_rep1,barcode986
986,29,29,cond_1,cond_1_rep1,barcode987
987,29,30,cond_1,cond_1_rep1,barcode988
988,29,31,cond_1,cond_1_rep1,barcode989
989,29,32,cond_1,cond_1_rep1,barcode990
990,30,0,cond_1,cond_1_rep1,barcode991
991,30,1,cond_1,cond_1_rep1,barcode992
992,30,2,cond_1,cond_1_rep1,barcode993
993,30,3,cond_1,cond_1_rep1,barcode994
994,30,4,cond_1,cond_1_rep1,barcode995
995,30,5,cond_1,cond_1_rep1,barcode996
996,30,6,cond_1,cond_1_rep1,barcode997
997,30,7,cond_1,cond_1_rep1,barcode998
998,30,8,cond_1,cond_1_rep1,barcode999
999,30,9,cond_1,cond_1_rep1,barcode1000
1000,30,10,cond_1,cond_1_rep1,barcode1001
1001,30,11,cond_1,cond_1_rep1,barcode1002
1002,30,12,cond_1,cond_1_rep1,barcode1003
1003,30,13,cond_1,cond_1_rep1,barcode1004
1004,30,14,cond_1,cond_1_rep1,barcode1005
1005,30,15,cond_1,cond_1_rep1,barcode1006
1006,30,16,cond_1,cond_1_rep1,barcode1007
1007,30,17,cond_1,cond_1_rep1,barcode1008
1008,30,18,cond_1,cond_1_rep1,barcode1009
1009,30,19,cond_1,cond_1_rep1,barcode1010
1010,30,20,cond_1,cond_1_rep1,barcode1011
1011,30,21,cond_1,cond_1_rep1,barcode1012
1012,30,22,cond_1,cond_1_rep1,barcode1013
1013,30,23,cond_1,cond_1_rep1,barcode1014
1014,30,24,cond_1,cond_1_rep1,barcode1015
1015,30,25,cond_1,cond_1_rep1,barcode1016
1016,30,26,cond_1,cond_1_rep1,barcode1017
1017,30,27,cond_1,cond_1_rep1,barcode1018
1018,30,28,cond_1,cond_1_rep1,barcode1019
1019,30,29,cond_1,cond_1_rep1,barcode1020
1020,30,30,cond_1,cond_1_rep1,barcode1021
1021,30,31,cond_1,cond_1_rep1,barcode1022
1022,30,32,cond_1,cond_1_rep1,barcode1023
1023,31,0,cond_1,cond_1_rep1,barcode1024
1024,31,1,cond_1,cond_1_rep1,barcode1025
1025,31,2,cond_1,cond_1_rep1,barcode1026
1026,31,3,cond_1,cond_1_rep1,barcode1027
1027,31,4,cond_1,cond_1_rep1,barcode1028
1028,31,5,cond_1,cond_1_rep1,barcode1029
1029,31,6,cond_1,cond_1_rep1,barcode1030
1030,31,7,cond_1,cond_1_rep1,barcode1031
1031,31,8,cond_1,cond_1_rep1,barcode1032
1032,31,9,cond_1,cond_1_rep1,barcode1033
1033,31,10,cond_1,cond_1_rep1,barcode1034
1034,31,11,cond_1,cond_1_rep1,barcode1035
1035,31,12,cond_1,cond_1_rep1,barcode1036
1036,31,13,cond_1,cond_1_rep1,barcode1037
1037,31,14,cond_1,cond_1_rep1,barcode1038
1038,31,15,cond_1,cond_1_rep1,barcode1039
1039,31,16,cond_1,cond_1_rep1,barcode1040
1040,31,17,cond_1,cond_1_rep1,barcode1041
1041,31,18,cond_1,cond_1_rep1,barcode1042
1042,31,19,cond_1,cond_1_rep1,barcode1043
1043,31,20,cond_1,cond_1_rep1,barcode1044
1044,31,21,cond_1,cond_1_rep1,barcode1045
1045,31,22,cond_1,cond_1_rep1,barcode1046
1046,31,23,cond_1,cond_1_rep1,barcode1047
1047,31,24,cond_1,cond_1_rep1,barcode1048
1048,31,25,cond_1,cond_1_rep1,barcode1049
1049,31,26,cond_1,cond_1_rep1,barcode1050
1050,31,27,cond_1,cond_1_rep1,barcode1051
1051,31,28,cond_1,cond_1_rep1,barcode1052
1052,31,29,cond_1,cond_1_rep1,barcode1053
1053,31,30,cond_1,cond_1_rep1,barcode1054
1054,31,31,cond_1,cond_1_rep1,barcode1055
1055,31,32,cond_1,cond_1_rep1,barcode1056
1056,32,0,cond_1,cond_1_rep1,barcode1057
1057,32,1,cond_1,cond_1_rep1,barcode1058
1058,32,2,cond_1,cond_1_rep1,barcode1059
1059,32,3,cond_1,cond_1_rep1,barcode1060
1060,32,4,cond_1,cond_1_rep1,barcode1061
1061,32,5,cond_1,cond_1_rep1,barcode1062
1062,32,6,cond_1,cond_1_rep1,barcode1063
1063,32,7,cond_1,cond_1_rep1,barcode1064
1064,32,8,cond_1,cond_1_rep1,barcode1065
1065,32,9,cond_1,cond_1_rep1,barcode1066
1066,32,10,cond_1,cond_1_rep1,barcode1067
1067,32,11,cond_1,cond_1_rep1,barcode1068
1068,32,12,cond_1,cond_1_rep1,barcode1069
1069,32,13,cond_1,cond_1_rep1,barcode1070
1070,32,14,cond_1,cond_1_rep1,barcode1071
1071,32,15,cond_1,cond_1_rep1,barcode1072
1072,32,16,cond_1,cond_1_rep1,barcode1073
1073,32,17,cond_1,cond_1_rep1,barcode1074
1074,32,18,cond_1,cond_1_rep1,barcode1075
1075,32,19,cond_1,cond_1_rep1,barcode1076
1076,32,20,cond_1,cond_1_rep1,barcode1077
1077,32,21,cond_1,cond_1_rep1,barcode1078
1078,32,22,cond_1,cond_1_rep1,barcode1079
1079,32,23,cond_1,cond_1_rep1,barcode1080
1080,32,24,cond_1,cond_1_rep1,barcode1081
1081,32,25,cond_1,cond_1_rep1,barcode1082
1082,32,26,cond_1,cond_1_rep1,barcode1083
1083,32,27,cond_1,cond_1_rep1,barcode1084
1084,32,28,cond_1,cond_1_rep1,barcode1085
1085,32,29,cond_1,cond_1_rep1,barcode1086
1086,32,30,cond_1,cond_1_rep1,barcode1087
1087,32,31,cond_1,cond_1_rep1,barcode1088
1088,32,32,cond_1,cond_1_rep1,barcode1089
1089,0,0,cond_2,cond_2_rep1,barcode1090
1090,0,1,cond_2,cond_2_rep1,barcode1091
1091,0,2,cond_2,cond_2_rep1,barcode1092
1092,0,3,cond_2,cond_2_rep1,barcode1093
1093,0,4,cond_2,cond_2_rep1,barcode1094
1094,0,5,cond_2,cond_2_rep1,barcode1095
1095,0,6,cond_2,cond_2_rep1,barcode1096
1096,0,7,cond_2,cond_2_rep1,barcode1097
1097,0,8,cond_2,cond_2_rep1,barcode1098
1098,0,9,cond_2,cond_2_rep1,barcode1099
1099,0,10,cond_2,cond_2_rep1,barcode1100
1100,0,11,cond_2,cond_2_rep1,barcode1101
1101,0,12,cond_2,cond_2_rep1,barcode1102
1102,0,13,cond_2,cond_2_rep1,barcode1103
1103,0,14,cond_2,cond_2_rep1,barcode1104
1104,0,15,cond_2,cond_2_rep1,barcode1105
1105,0,16,cond_2,cond_2_rep1,barcode1106
1106,0,17,cond_2,cond_2_rep1,barcode1107
1107,0,18,cond_2,cond_2_rep1,barcode1108
1108,0,19,cond_2,cond_2_rep1,barcode1109
1109,0,20,cond_2,cond_2_rep1,barcode1110
1110,0,21,cond_2,cond_2_rep1,barcode1111
1111,0,22,cond_2,cond_2_rep1,barcode1112
1112,0,23,cond_2,cond_2_rep1,barcode1113
1113,0,24,cond_2,cond_2_rep1,barcode1114
1114,0,25,cond_2,cond_2_rep1,barcode1115
1115,0,26,cond_2,cond_2_rep1,barcode1116
1116,0,27,cond_2,cond_2_rep1,barcode1117
1117,0,28,cond_2,cond_2_rep1,barcode1118
1118,0,29,cond_2,cond_2_rep1,barcode1119
1119,0,30,cond_2,cond_2_rep1,barcode1120
1120,0,31,cond_2,cond_2_rep1,barcode1121
1121,0,32,cond_2,cond_2_rep1,barcode1122
1122,1,0,cond_2,cond_2_rep1,barcode1123
1123,1,1,cond_2,cond_2_rep1,barcode1124
1124,1,2,cond_2,cond_2_rep1,barcode1125
1125,1,3,cond_2,cond_2_rep1,barcode1126
1126,1,4,cond_2,cond_2_rep1,barcode1127
1127,1,5,cond_2,cond_2_rep1,barcode1128
1128,1,6,cond_2,cond_2_rep1,barcode1129
1129,1,7,cond_2,cond_2_rep1,barcode1130
1130,1,8,cond_2,cond_2_rep1,barcode1131
1131,1,9,cond_2,cond_2_rep1,barcode1132
1132,1,10,cond_2,cond_2_rep1,barcode1133
1133,1,11,cond_2,cond_2_rep1,barcode1134
1134,1,12,cond_2,cond_2_rep1,barcode1135
1135,1,13,cond_2,cond_2_rep1,barcode1136
1136,1,14,cond_2,cond_2_rep1,barcode1137
1137,1,15,cond_2,cond_2_rep1,barcode1138
1138,1,16,cond_2,cond_2_rep1,barcode1139
1139,1,17,cond_2,cond_2_rep1,barcode1140
1140,1,18,cond_2,cond_2_rep1,barcode1141
1141,1,19,cond_2,cond_2_rep1,barcode1142
1142,1,20,cond_2,cond_2_rep1,barcode1143
1143,1,21,cond_2,cond_2_rep1,barcode1144
1144,1,22,cond_2,cond_2_rep1,barcode1145
1145,1,23,cond_2,cond_2_rep1,barcode1146
1146,1,24,cond_2,cond_2_rep1,barcode1147
1147,1,25,cond_2,cond_2_rep1,barcode1148
1148,1,26,cond_2,cond_2_rep1,barcode1149
1149,1,27,cond_2,cond_2_rep1,barcode1150
1150,1,28,cond_2,cond_2_rep1,barcode1151
1151,1,29,cond_2,cond_2_rep1,barcode1152
1152,1,30,cond_2,cond_2_rep1,barcode1153
1153,1,31,cond_2,cond_2_rep1,barcode1154
1154,1,32,cond_2,cond_2_rep1,barcode1155
1155,2,0,cond_2,cond_2_rep1,barcode1156
1156,2,1,cond_2,cond_2_rep1,barcode1157
1157,2,2,cond_2,cond_2_rep1,barcode1158
1158,2,3,cond_2,cond_2_rep1,barcode1159
1159,2,4,cond_2,cond_2_rep1,barcode1160
1160,2,5,cond_2,cond_2_rep1,barcode1161
1161,2,6,cond_2,cond_2_rep1,barcode1162
1162,2,7,cond_2,cond_2_rep1,barcode1163
1163,2,8,cond_2,cond_2_rep1,barcode1164
1164,2,9,cond_2,cond_2_rep1,barcode1165
1165,2,10,cond_2,cond_2_rep1,barcode1166
1166,2,11,cond_2,cond_2_rep1,barcode1167
1167,2,12,cond_2,cond_2_rep1,barcode1168
1168,2,13,cond_2,cond_2_rep1,barcode1169
1169,2,14,cond_2,cond_2_rep1,barcode1170
1170,2,15,cond_2,cond_2_rep1,barcode1171
1171,2,16,cond_2,cond_2_rep1,barcode1172
1172,2,17,cond_2,cond_2_rep1,barcode1173
1173,2,18,cond_2,cond_2_rep1,barcode1174
1174,2,19,cond_2,cond_2_rep1,barcode1175
1175,2,20,cond_2,cond_2_rep1,barcode1176
1176,2,21,cond_2,cond_2_rep1,barcode1177
1177,2,22,cond_2,cond_2_rep1,barcode1178
1178,2,23,cond_2,cond_2_rep1,barcode1179
1179,2,24,cond_2,cond_2_rep1,barcode1180
1180,2,25,cond_2,cond_2_rep1,barcode1181
1181,2,26,cond_2,cond_2_rep1,barcode1182
1182,2,27,cond_2,cond_2_rep1,barcode1183
1183,2,28,cond_2,cond_2_rep1,barcode1184
1184,2,29,cond_2,cond_2_rep1,barcode1185
1185,2,30,cond_2,cond_2_rep1,barcode1186
1186,2,31,cond_2,cond_2_rep1,barcode1187
1187,2,32,cond_2,cond_2_rep1,barcode1188
1188,3,0,cond_2,cond_2_rep1,barcode1189
1189,3,1,cond_2,cond_2_rep1,barcode1190
1190,3,2,cond_2,cond_2_rep1,barcode1191
1191,3,3,cond_2,cond_2_rep1,barcode1192
1192,3,4,cond_2,cond_2_rep1,barcode1193
1193,3,5,cond_2,cond_2_rep1,barcode1194
1194,3,6,cond_2,cond_2_rep1,barcode1195
1195,3,7,cond_2,cond_2_rep1,barcode1196
1196,3,8,cond_2,cond_2_rep1,barcode1197
1197,3,9,cond_2,cond_2_rep1,barcode1198
1198,3,10,cond_2,cond_2_rep1,barcode1199
1199,3,11,cond_2,cond_2_rep1,barcode1200
1200,3,12,cond_2,cond_2_rep1,barcode1201
1201,3,13,cond_2,cond_2_rep1,barcode1202
1202,3,14,cond_2,cond_2_rep1,barcode1203
1203,3,15,cond_2,cond_2_rep1,barcode1204
1204,3,16,cond_2,cond_2_rep1,barcode1205
1205,3,17,cond_2,cond_2_rep1,barcode1206
1206,3,18,cond_2,cond_2_rep1,barcode1207
1207,3,19,cond_2,cond_2_rep1,barcode1208
1208,3,20,cond_2,cond_2_rep1,barcode1209
1209,3,21,cond_2,cond_2_rep1,barcode1210
1210,3,22,cond_2,cond_2_rep1,barcode1211
1211,3,23,cond_2,cond_2_rep1,barcode1212
1212,3,24,cond_2,cond_2_rep1,barcode1213
1213,3,25,cond_2,cond_2_rep1,barcode1214
1214,3,26,cond_2,cond_2_rep1,barcode1215
1215,3,27,cond_2,cond_2_rep1,barcode1216
1216,3,28,cond_2,cond_2_rep1,barcode1217
1217,3,29,cond_2,cond_2_rep1,barcode1218
1218,3,30,cond_2,cond_2_rep1,barcode1219
1219,3,31,cond_2,cond_2_rep1,barcode1220
1220,3,32,cond_2,cond_2_rep1,barcode1221
1221,4,0,cond_2,cond_2_rep1,barcode1222
1222,4,1,cond_2,cond_2_rep1,barcode1223
1223,4,2,cond_2,cond_2_rep1,barcode1224
1224,4,3,cond_2,cond_2_rep1,barcode1225
1225,4,4,cond_2,cond_2_rep1,barcode1226
1226,4,5,cond_2,cond_2_rep1,barcode1227
1227,4,6,cond_2,cond_2_rep1,barcode1228
1228,4,7,cond_2,cond_2_rep1,barcode1229
1229,4,8,cond_2,cond_2_rep1,barcode1230
1230,4,9,cond_2,cond_2_rep1,barcode1231
1231,4,10,cond_2,cond_2_rep1,barcode1232
1232,4,11,cond_2,cond_2_rep1,barcode1233
1233,4,12,cond_2,cond_2_rep1,barcode1234
1234,4,13,cond_2,cond_2_rep1,barcode1235
1235,4,14,cond_2,cond_2_rep1,barcode1236
1236,4,15,cond_2,cond_2_rep1,barcode1237
1237,4,16,cond_2,cond_2_rep1,barcode1238
1238,4,17,cond_2,cond_2_rep1,barcode1239
1239,4,18,cond_2,cond_2_rep1,barcode1240
1240,4,19,cond_2,cond_2_rep1,barcode1241
1241,4,20,cond_2,cond_2_rep1,barcode1242
1242,4,21,cond_2,cond_2_rep1,barcode1243
1243,4,22,cond_2,cond_2_rep1,barcode1244
1244,4,23,cond_2,cond_2_rep1,barcode1245
1245,4,24,cond_2,cond_2_rep1,barcode1246
1246,4,25,cond_2,cond_2_rep1,barcode1247
1247,4,26,cond_2,cond_2_rep1,barcode1248
1248,4,27,cond_2,cond_2_rep1,barcode1249
1249,4,28,cond_2,cond_2_rep1,barcode1250
1250,4,29,cond_2,cond_2_rep1,barcode1251
1251,4,30,cond_2,cond_2_rep1,barcode1252
1252,4,31,cond_2,cond_2_rep1,barcode1253
1253,4,32,cond_2,cond_2_rep1,barcode1254
1254,5,0,cond_2,cond_2_rep1,barcode1255
1255,5,1,cond_2,cond_2_rep1,barcode1256
1256,5,2,cond_2,cond_2_rep1,barcode1257
1257,5,3,cond_2,cond_2_rep1,barcode1258
1258,5,4,cond_2,cond_2_rep1,barcode1259
1259,5,5,cond_2,cond_2_rep1,barcode1260
1260,5,6,cond_2,cond_2_rep1,barcode1261
1261,5,7,cond_2,cond_2_rep1,barcode1262
1262,5,8,cond_2,cond_2_rep1,barcode1263
1263,5,9,cond_2,cond_2_rep1,barcode1264
1264,5,10,cond_2,cond_2_rep1,barcode1265
1265,5,11,cond_2,cond_2_rep1,barcode1266
1266,5,12,cond_2,cond_2_rep1,barcode1267
1267,5,13,cond_2,cond_2_rep1,barcode1268
1268,5,14,cond_2,cond_2_rep1,barcode1269
1269,5,15,cond_2,cond_2_rep1,barcode1270
1270,5,16,cond_2,cond_2_rep1,barcode1271
1271,5,17,cond_2,cond_2_rep1,barcode1272
1272,5,18,cond_2,cond_2_rep1,barcode1273
1273,5,19,cond_2,cond_2_rep1,barcode1274
1274,5,20,cond_2,cond_2_rep1,barcode1275
1275,5,21,cond_2,cond_2_rep1,barcode1276
1276,5,22,cond_2,cond_2_rep1,barcode1277
1277,5,23,cond_2,cond_2_rep1,barcode1278
1278,5,24,cond_2,cond_2_rep1,barcode1279
1279,5,25,cond_2,cond_2_rep1,barcode1280
1280,5,26,cond_2,cond_2_rep1,barcode1281
1281,5,27,cond_2,cond_2_rep1,barcode1282
1282,5,28,cond_2,cond_2_rep1,barcode1283
1283,5,29,cond_2,cond_2_rep1,barcode1284
1284,5,30,cond_2,cond_2_rep1,barcode1285
1285,5,31,cond_2,cond_2_rep1,barcode1286
1286,5,32,cond_2,cond_2_rep1,barcode1287
1287,6,0,cond_2,cond_2_rep1,barcode1288
1288,6,1,cond_2,cond_2_rep1,barcode1289
1289,6,2,cond_2,cond_2_rep1,barcode1290
1290,6,3,cond_2,cond_2_rep1,barcode1291
1291,6,4,cond_2,cond_2_rep1,barcode1292
1292,6,5,cond_2,cond_2_rep1,barcode1293
1293,6,6,cond_2,cond_2_rep1,barcode1294
1294,6,7,cond_2,cond_2_rep1,barcode1295
1295,6,8,cond_2,cond_2_rep1,barcode1296
1296,6,9,cond_2,cond_2_rep1,barcode1297
1297,6,10,cond_2,cond_2_rep1,barcode1298
1298,6,11,cond_2,cond_2_rep1,barcode1299
1299,6,12,cond_2,cond_2_rep1,barcode1300
1300,6,13,cond_2,cond_2_rep1,barcode1301
1301,6,14,cond_2,cond_2_rep1,barcode1302
1302,6,15,cond_2,cond_2_rep1,barcode1303
1303,6,16,cond_2,cond_2_rep1,barcode1304
1304,6,17,cond_2,cond_2_rep1,barcode1305
1305,6,18,cond_2,cond_2_rep1,barcode1306
1306,6,19,cond_2,cond_2_rep1,barcode1307
1307,6,20,cond_2,cond_2_rep1,barcode1308
1308,6,21,cond_2,cond_2_rep1,barcode1309
1309,6,22,cond_2,cond_2_rep1,barcode1310
1310,6,23,cond_2,cond_2_rep1,barcode1311
1311,6,24,cond_2,cond_2_rep1,barcode1312
1312,6,25,cond_2,cond_2_rep1,barcode1313
1313,6,26,cond_2,cond_2_rep1,barcode1314
1314,6,27,cond_2,cond_2_rep1,barcode1315
1315,6,28,cond_2,cond_2_rep1,barcode1316
1316,6,29,cond_2,cond_2_rep1,barcode1317
1317,6,30,cond_2,cond_2_rep1,barcode1318
1318,6,31,cond_2,cond_2_rep1,barcode1319
1319,6,32,cond_2,cond_2_rep1,barcode1320
1320,7,0,cond_2,cond_2_rep1,barcode1321
1321,7,1,cond_2,cond_2_rep1,barcode1322
1322,7,2,cond_2,cond_2_rep1,barcode1323
1323,7,3,cond_2,cond_2_rep1,barcode1324
1324,7,4,cond_2,cond_2_rep1,barcode1325
1325,7,5,cond_2,cond_2_rep1,barcode1326
1326,7,6,cond_2,cond_2_rep1,barcode1327
1327,7,7,cond_2,cond_2_rep1,barcode1328
1328,7,8,cond_2,cond_2_rep1,barcode1329
1329,7,9,cond_2,cond_2_rep1,barcode1330
1330,7,10,cond_2,cond_2_rep1,barcode1331
1331,7,11,cond_2,cond_2_rep1,barcode1332
1332,7,12,cond_2,cond_2_rep1,barcode1333
1333,7,13,cond_2,cond_2_rep1,barcode1334
1334,7,14,cond_2,cond_2_rep1,barcode1335
1335,7,15,cond_2,cond_2_rep1,barcode1336
1336,7,16,cond_2,cond_2_rep1,barcode1337
1337,7,17,cond_2,cond_2_rep1,barcode1338
1338,7,18,cond_2,cond_2_rep1,barcode1339
1339,7,19,cond_2,cond_2_rep1,barcode1340
1340,7,20,cond_2,cond_2_rep1,barcode1341
1341,7,21,cond_2,cond_2_rep1,barcode1342
1342,7,22,cond_2,cond_2_rep1,barcode1343
1343,7,23,cond_2,cond_2_rep1,barcode1344
1344,7,24,cond_2,cond_2_rep1,barcode1345
1345,7,25,cond_2,cond_2_rep1,barcode1346
1346,7,26,cond_2,cond_2_rep1,barcode1347
1347,7,27,cond_2,cond_2_rep1,barcode1348
1348,7,28,cond_2,cond_2_rep1,barcode1349
1349,7,29,cond_2,cond_2_rep1,barcode1350
1350,7,30,cond_2,cond_2_rep1,barcode1351
1351,7,31,cond_2,cond_2_rep1,barcode1352
1352,7,32,cond_2,cond_2_rep1,barcode1353
1353,8,0,cond_2,cond_2_rep1,barcode1354
1354,8,1,cond_2,cond_2_rep1,barcode1355
1355,8,2,cond_2,cond_2_rep1,barcode1356
1356,8,3,cond_2,cond_2_rep1,barcode1357
1357,8,4,cond_2,cond_2_rep1,barcode1358
1358,8,5,cond_2,cond_2_rep1,barcode1359
1359,8,6,cond_2,cond_2_rep1,barcode1360
1360,8,7,cond_2,cond_2_rep1,barcode1361
1361,8,8,cond_2,cond_2_rep1,barcode1362
1362,8,9,cond_2,cond_2_rep1,barcode1363
1363,8,10,cond_2,cond_2_rep1,barcode1364
1364,8,11,cond_2,cond_2_rep1,barcode1365
1365,8,12,cond_2,cond_2_rep1,barcode1366
1366,8,13,cond_2,cond_2_rep1,barcode1367
1367,8,14,cond_2,cond_2_rep1,barcode1368
1368,8,15,cond_2,cond_2_rep1,barcode1369
1369,8,16,cond_2,cond_2_rep1,barcode1370
1370,8,17,cond_2,cond_2_rep1,barcode1371
1371,8,18,cond_2,cond_2_rep1,barcode1372
1372,8,19,cond_2,cond_2_rep1,barcode1373
1373,8,20,cond_2,cond_2_rep1,barcode1374
1374,8,21,cond_2,cond_2_rep1,barcode1375
1375,8,22,cond_2,cond_2_rep1,barcode1376
1376,8,23,cond_2,cond_2_rep1,barcode1377
1377,8,24,cond_2,cond_2_rep1,barcode1378
1378,8,25,cond_2,cond_2_rep1,barcode1379
1379,8,26,cond_2,cond_2_rep1,barcode1380
1380,8,27,cond_2,cond_2_rep1,barcode1381
1381,8,28,cond_2,cond_2_rep1,barcode1382
1382,8,29,cond_2,cond_2_rep1,barcode1383
1383,8,30,cond_2,cond_2_rep1,barcode1384
1384,8,31,cond_2,cond_2_rep1,barcode1385
1385,8,32,cond_2,cond_2_rep1,barcode1386
1386,9,0,cond_2,cond_2_rep1,barcode1387
1387,9,1,cond_2,cond_2_rep1,barcode1388
1388,9,2,cond_2,cond_2_rep1,barcode1389
1389,9,3,cond_2,cond_2_rep1,barcode1390
1390,9,4,cond_2,cond_2_rep1,barcode1391
1391,9,5,cond_2,cond_2_rep1,barcode1392
1392,9,6,cond_2,cond_2_rep1,barcode1393
1393,9,7,cond_2,cond_2_rep1,barcode1394
1394,9,8,cond_2,cond_2_rep1,barcode1395
1395,9,9,cond_2,cond_2_rep1,barcode1396
1396,9,10,cond_2,cond_2_rep1,barcode1397
1397,9,11,cond_2,cond_2_rep1,barcode1398
1398,9,12,cond_2,cond_2_rep1,barcode1399
1399,9,13,cond_2,cond_2_rep1,barcode1400
1400,9,14,cond_2,cond_2_rep1,barcode1401
1401,9,15,cond_2,cond_2_rep1,barcode1402
1402,9,16,cond_2,cond_2_rep1,barcode1403
1403,9,17,cond_2,cond_2_rep1,barcode1404
1404,9,18,cond_2,cond_2_rep1,barcode1405
1405,9,19,cond_2,cond_2_rep1,barcode1406
1406,9,20,cond_2,cond_2_rep1,barcode1407
1407,9,21,cond_2,cond_2_rep1,barcode1408
1408,9,22,cond_2,cond_2_rep1,barcode1409
1409,9,23,cond_2,cond_2_rep1,barcode1410
1410,9,24,cond_2,cond_2_rep1,barcode1411
1411,9,25,cond_2,cond_2_rep1,barcode1412
1412,9,26,cond_2,cond_2_rep1,barcode1413
1413,9,27,cond_2,cond_2_rep1,barcode1414
1414,9,28,cond_2,cond_2_rep1,barcode1415
1415,9,29,cond_2,cond_2_rep1,barcode1416
1416,9,30,cond_2,cond_2_rep1,barcode1417
1417,9,31,cond_2,cond_2_rep1,barcode1418
1418,9,32,cond_2,cond_2_rep1,barcode1419
1419,10,0,cond_2,cond_2_rep1,barcode1420
1420,10,1,cond_2,cond_2_rep1,barcode1421
1421,10,2,cond_2,cond_2_rep1,barcode1422
1422,10,3,cond_2,cond_2_rep1,barcode1423
1423,10,4,cond_2,cond_2_rep1,barcode1424
1424,10,5,cond_2,cond_2_rep1,barcode1425
1425,10,6,cond_2,cond_2_rep1,barcode1426
1426,10,7,cond_2,cond_2_rep1,barcode1427
1427,10,8,cond_2,cond_2_rep1,barcode1428
1428,10,9,cond_2,cond_2_rep1,barcode1429
1429,10,10,cond_2,cond_2_rep1,barcode1430
1430,10,11,cond_2,cond_2_rep1,barcode1431
1431,10,12,cond_2,cond_2_rep1,barcode1432
1432,10,13,cond_2,cond_2_rep1,barcode1433
1433,10,14,cond_2,cond_2_rep1,barcode1434
1434,10,15,cond_2,cond_2_rep1,barcode1435
1435,10,16,cond_2,cond_2_rep1,barcode1436
1436,10,17,cond_2,cond_2_rep1,barcode1437
1437,10,18,cond_2,cond_2_rep1,barcode1438
1438,10,19,cond_2,cond_2_rep1,barcode1439
1439,10,20,cond_2,cond_2_rep1,barcode1440
1440,10,21,cond_2,cond_2_rep1,barcode1441
1441,10,22,cond_2,cond_2_rep1,barcode1442
1442,10,23,cond_2,cond_2_rep1,barcode1443
1443,10,24,cond_2,cond_2_rep1,barcode1444
1444,10,25,cond_2,cond_2_rep1,barcode1445
1445,10,26,cond_2,cond_2_rep1,barcode1446
1446,10,27,cond_2,cond_2_rep1,barcode1447
1447,10,28,cond_2,cond_2_rep1,barcode1448
1448,10,29,cond_2,cond_2_rep1,barcode1449
1449,10,30,cond_2,cond_2_rep1,barcode1450
1450,10,31,cond_2,cond_2_rep1,barcode1451
1451,10,32,cond_2,cond_2_rep1,barcode1452
1452,11,0,cond_2,cond_2_rep1,barcode1453
1453,11,1,cond_2,cond_2_rep1,barcode1454
1454,11,2,cond_2,cond_2_rep1,barcode1455
1455,11,3,cond_2,cond_2_rep1,barcode1456
1456,11,4,cond_2,cond_2_rep1,barcode1457
1457,11,5,cond_2,cond_2_rep1,barcode1458
1458,11,6,cond_2,cond_2_rep1,barcode1459
1459,11,7,cond_2,cond_2_rep1,barcode1460
1460,11,8,cond_2,cond_2_rep1,barcode1461
1461,11,9,cond_2,cond_2_rep1,barcode1462
1462,11,10,cond_2,cond_2_rep1,barcode1463
1463,11,11,cond_2,cond_2_rep1,barcode1464
1464,11,12,cond_2,cond_2_rep1,barcode1465
1465,11,13,cond_2,cond_2_rep1,barcode1466
1466,11,14,cond_2,cond_2_rep1,barcode1467
1467,11,15,cond_2,cond_2_rep1,barcode1468
1468,11,16,cond_2,cond_2_rep1,barcode1469
1469,11,17,cond_2,cond_2_rep1,barcode1470
1470,11,18,cond_2,cond_2_rep1,barcode1471
1471,11,19,cond_2,cond_2_rep1,barcode1472
1472,11,20,cond_2,cond_2_rep1,barcode1473
1473,11,21,cond_2,cond_2_rep1,barcode1474
1474,11,22,cond_2,cond_2_rep1,barcode1475
1475,11,23,cond_2,cond_2_rep1,barcode1476
1476,11,24,cond_2,cond_2_rep1,barcode1477
1477,11,25,cond_2,cond_2_rep1,barcode1478
1478,11,26,cond_2,cond_2_rep1,barcode1479
1479,11,27,cond_2,cond_2_rep1,barcode1480
1480,11,28,cond_2,cond_2_rep1,barcode1481
1481,11,29,cond_2,cond_2_rep1,barcode1482
1482,11,30,cond_2,cond_2_rep1,barcode1483
1483,11,31,cond_2,cond_2_rep1,barcode1484
1484,11,32,cond_2,cond_2_rep1,barcode1485
1485,12,0,cond_2,cond_2_rep1,barcode1486
1486,12,1,cond_2,cond_2_rep1,barcode1487
1487,12,2,cond_2,cond_2_rep1,barcode1488
1488,12,3,cond_2,cond_2_rep1,barcode1489
1489,12,4,cond_2,cond_2_rep1,barcode1490
1490,12,5,cond_2,cond_2_rep1,barcode1491
1491,12,6,cond_2,cond_2_rep1,barcode1492
1492,12,7,cond_2,cond_2_rep1,barcode1493
1493,12,8,cond_2,cond_2_rep1,barcode1494
1494,12,9,cond_2,cond_2_rep1,barcode1495
1495,12,10,cond_2,cond_2_rep1,barcode1496
1496,12,11,cond_2,cond_2_rep1,barcode1497
1497,12,12,cond_2,cond_2_rep1,barcode1498
1498,12,13,cond_2,cond_2_rep1,barcode1499
1499,12,14,cond_2,cond_2_rep1,barcode1500
1500,12,15,cond_2,cond_2_rep1,barcode1501
1501,12,16,cond_2,cond_2_rep1,barcode1502
1502,12,17,cond_2,cond_2_rep1,barcode1503
1503,12,18,cond_2,cond_2_rep1,barcode1504
1504,12,19,cond_2,cond_2_rep1,barcode1505
1505,12,20,cond_2,cond_2_rep1,barcode1506
1506,12,21,cond_2,cond_2_rep1,barcode1507
1507,12,22,cond_2,cond_2_rep1,barcode1508
1508,12,23,cond_2,cond_2_rep1,barcode1509
1509,12,24,cond_2,cond_2_rep1,barcode1510
1510,12,25,cond_2,cond_2_rep1,barcode1511
1511,12,26,cond_2,cond_2_rep1,barcode1512
1512,12,27,cond_2,cond_2_rep1,barcode1513
1513,12,28,cond_2,cond_2_rep1,barcode1514
1514,12,29,cond_2,cond_2_rep1,barcode1515
1515,12,30,cond_2,cond_2_rep1,barcode1516
1516,12,31,cond_2,cond_2_rep1,barcode1517
1517,12,32,cond_2,cond_2_rep1,barcode1518
1518,13,0,cond_2,cond_2_rep1,barcode1519
1519,13,1,cond_2,cond_2_rep1,barcode1520
1520,13,2,cond_2,cond_2_rep1,barcode1521
1521,13,3,cond_2,cond_2_rep1,barcode1522
1522,13,4,cond_2,cond_2_rep1,barcode1523
1523,13,5,cond_2,cond_2_rep1,barcode1524
1524,13,6,cond_2,cond_2_rep1,barcode1525
1525,13,7,cond_2,cond_2_rep1,barcode1526
1526,13,8,cond_2,cond_2_rep1,barcode1527
1527,13,9,cond_2,cond_2_rep1,barcode1528
1528,13,10,cond_2,cond_2_rep1,barcode1529
1529,13,11,cond_2,cond_2_rep1,barcode1530
1530,13,12,cond_2,cond_2_rep1,barcode1531
1531,13,13,cond_2,cond_2_rep1,barcode1532
1532,13,14,cond_2,cond_2_rep1,barcode1533
1533,13,15,cond_2,cond_2_rep1,barcode1534
1534,13,16,cond_2,cond_2_rep1,barcode1535
1535,13,17,cond_2,cond_2_rep1,barcode1536
1536,13,18,cond_2,cond_2_rep1,barcode1537
1537,13,19,cond_2,cond_2_rep1,barcode1538
1538,13,20,cond_2,cond_2_rep1,barcode1539
1539,13,21,cond_2,cond_2_rep1,barcode1540
1540,13,22,cond_2,cond_2_rep1,barcode1541
1541,13,23,cond_2,cond_2_rep1,barcode1542
1542,13,24,cond_2,cond_2_rep1,barcode1543
1543,13,25,cond_2,cond_2_rep1,barcode1544
1544,13,26,cond_2,cond_2_rep1,barcode1545
1545,13,27,cond_2,cond_2_rep1,barcode1546
1546,13,28,cond_2,cond_2_rep1,barcode1547
1547,13,29,cond_2,cond_2_rep1,barcode1548
1548,13,30,cond_2,cond_2_rep1,barcode1549
1549,13,31,cond_2,cond_2_rep1,barcode1550
1550,13,32,cond_2,cond_2_rep1,barcode1551
1551,14,0,cond_2,cond_2_rep1,barcode1552
1552,14,1,cond_2,cond_2_rep1,barcode1553
1553,14,2,cond_2,cond_2_rep1,barcode1554
1554,14,3,cond_2,cond_2_rep1,barcode1555
1555,14,4,cond_2,cond_2_rep1,barcode1556
1556,14,5,cond_2,cond_2_rep1,barcode1557
1557,14,6,cond_2,cond_2_rep1,barcode1558
1558,14,7,cond_2,cond_2_rep1,barcode1559
1559,14,8,cond_2,cond_2_rep1,barcode1560
1560,14,9,cond_2,cond_2_rep1,barcode1561
1561,14,10,cond_2,cond_2_rep1,barcode1562
1562,14,11,cond_2,cond_2_rep1,barcode1563
1563,14,12,cond_2,cond_2_rep1,barcode1564
1564,14,13,cond_2,cond_2_rep1,barcode1565
1565,14,14,cond_2,cond_2_rep1,barcode1566
1566,14,15,cond_2,cond_2_rep1,barcode1567
1567,14,16,cond_2,cond_2_rep1,barcode1568
1568,14,17,cond_2,cond_2_rep1,barcode1569
1569,14,18,cond_2,cond_2_rep1,barcode1570
1570,14,19,cond_2,cond_2_rep1,barcode1571
1571,14,20,cond_2,cond_2_rep1,barcode1572
1572,14,21,cond_2,cond_2_rep1,barcode1573
1573,14,22,cond_2,cond_2_rep1,barcode1574
1574,14,23,cond_2,cond_2_rep1,barcode1575
1575,14,24,cond_2,cond_2_rep1,barcode1576
1576,14,25,cond_2,cond_2_rep1,barcode1577
1577,14,26,cond_2,cond_2_rep1,barcode1578
1578,14,27,cond_2,cond_2_rep1,barcode1579
1579,14,28,cond_2,cond_2_rep1,barcode1580
1580,14,29,cond_2,cond_2_rep1,barcode1581
1581,14,30,cond_2,cond_2_rep1,barcode1582
1582,14,31,cond_2,cond_2_rep1,barcode1583
1583,14,32,cond_2,cond_2_rep1,barcode1584
1584,15,0,cond_2,cond_2_rep1,barcode1585
1585,15,1,cond_2,cond_2_rep1,barcode1586
1586,15,2,cond_2,cond_2_rep1,barcode1587
1587,15,3,cond_2,cond_2_rep1,barcode1588
1588,15,4,cond_2,cond_2_rep1,barcode1589
1589,15,5,cond_2,cond_2_rep1,barcode1590
1590,15,6,cond_2,cond_2_rep1,barcode1591
1591,15,7,cond_2,cond_2_rep1,barcode1592
1592,15,8,cond_2,cond_2_rep1,barcode1593
1593,15,9,cond_2,cond_2_rep1,barcode1594
1594,15,10,cond_2,cond_2_rep1,barcode1595
1595,15,11,cond_2,cond_2_rep1,barcode1596
1596,15,12,cond_2,cond_2_rep1,barcode1597
1597,15,13,cond_2,cond_2_rep1,barcode1598
1598,15,14,cond_2,cond_2_rep1,barcode1599
1599,15,15,cond_2,cond_2_rep1,barcode1600
1600,15,16,cond_2,cond_2_rep1,barcode1601
1601,15,17,cond_2,cond_2_rep1,barcode1602
1602,15,18,cond_2,cond_2_rep1,barcode1603
1603,15,19,cond_2,cond_2_rep1,barcode1604
1604,15,20,cond_2,cond_2_rep1,barcode1605
1605,15,21,cond_2,cond_2_rep1,barcode1606
1606,15,22,cond_2,cond_2_rep1,barcode1607
1607,15,23,cond_2,cond_2_rep1,barcode1608
1608,15,24,cond_2,cond_2_rep1,barcode1609
1609,15,25,cond_2,cond_2_rep1,barcode1610
1610,15,26,cond_2,cond_2_rep1,barcode1611
1611,15,27,cond_2,cond_2_rep1,barcode1612
1612,15,28,cond_2,cond_2_rep1,barcode1613
1613,15,29,cond_2,cond_2_rep1,barcode1614
1614,15,30,cond_2,cond_2_rep1,barcode1615
1615,15,31,cond_2,cond_2_rep1,barcode1616
1616,15,32,cond_2,cond_2_rep1,barcode1617
1617,16,0,cond_2,cond_2_rep1,barcode1618
1618,16,1,cond_2,cond_2_rep1,barcode1619
1619,16,2,cond_2,cond_2_rep1,barcode1620
1620,16,3,cond_2,cond_2_rep1,barcode1621
1621,16,4,cond_2,cond_2_rep1,barcode1622
1622,16,5,cond_2,cond_2_rep1,barcode1623
1623,16,6,cond_2,cond_2_rep1,barcode1624
1624,16,7,cond_2,cond_2_rep1,barcode1625
1625,16,8,cond_2,cond_2_rep1,barcode1626
1626,16,9,cond_2,cond_2_rep1,barcode1627
1627,16,10,cond_2,cond_2_rep1,barcode1628
1628,16,11,cond_2,cond_2_rep1,barcode1629
1629,16,12,cond_2,cond_2_rep1,barcode1630
1630,16,13,cond_2,cond_2_rep1,barcode1631
1631,16,14,cond_2,cond_2_rep1,barcode1632
1632,16,15,cond_2,cond_2_rep1,barcode1633
1633,16,16,cond_2,cond_2_rep1,barcode1634
1634,16,17,cond_2,cond_2_rep1,barcode1635
1635,16,18,cond_2,cond_2_rep1,barcode1636
1636,16,19,cond_2,cond_2_rep1,barcode1637
1637,16,20,cond_2,cond_2_rep1,barcode1638
1638,16,21,cond_2,cond_2_rep1,barcode1639
1639,16,22,cond_2,cond_2_rep1,barcode1640
1640,16,23,cond_2,cond_2_rep1,barcode1641
1641,16,24,cond_2,cond_2_rep1,barcode1642
1642,16,25,cond_2,cond_2_rep1,barcode1643
1643,16,26,cond_2,cond_2_rep1,barcode1644
1644,16,27,cond_2,cond_2_rep1,barcode1645
1645,16,28,cond_2,cond_2_rep1,barcode1646
1646,16,29,cond_2,cond_2_rep1,barcode1647
1647,16,30,cond_2,cond_2_rep1,barcode1648
1648,16,31,cond_2,cond_2_rep1,barcode1649
1649,16,32,cond_2,cond_2_rep1,barcode1650
1650,17,0,cond_2,cond_2_rep1,barcode1651
1651,17,1,cond_2,cond_2_rep1,barcode1652
1652,17,2,cond_2,cond_2_rep1,barcode1653
1653,17,3,cond_2,cond_2_rep1,barcode1654
1654,17,4,cond_2,cond_2_rep1,barcode1655
1655,17,5,cond_2,cond_2_rep1,barcode1656
1656,17,6,cond_2,cond_2_rep1,barcode1657
1657,17,7,cond_2,cond_2_rep1,barcode1658
1658,17,8,cond_2,cond_2_rep1,barcode1659
1659,17,9,cond_2,cond_2_rep1,barcode1660
1660,17,10,cond_2,cond_2_rep1,barcode1661
1661,17,11,cond_2,cond_2_rep1,barcode1662
1662,17,12,cond_2,cond_2_rep1,barcode1663
1663,17,13,cond_2,cond_2_rep1,barcode1664
1664,17,14,cond_2,cond_2_rep1,barcode1665
1665,17,15,cond_2,cond_2_rep1,barcode1666
1666,17,16,cond_2,cond_2_rep1,barcode1667
1667,17,17,cond_2,cond_2_rep1,barcode1668
1668,17,18,cond_2,cond_2_rep1,barcode1669
1669,17,19,cond_2,cond_2_rep1,barcode1670
1670,17,20,cond_2,cond_2_rep1,barcode1671
1671,17,21,cond_2,cond_2_rep1,barcode1672
1672,17,22,cond_2,cond_2_rep1,barcode1673
1673,17,23,cond_2,cond_2_rep1,barcode1674
1674,17,24,cond_2,cond_2_rep1,barcode1675
1675,17,25,cond_2,cond_2_rep1,barcode1676
1676,17,26,cond_2,cond_2_rep1,barcode1677
1677,17,27,cond_2,cond_2_rep1,barcode1678
1678,17,28,cond_2,cond_2_rep1,barcode1679
1679,17,29,cond_2,cond_2_rep1,barcode1680
1680,17,30,cond_2,cond_2_rep1,barcode1681
1681,17,31,cond_2,cond_2_rep1,barcode1682
1682,17,32,cond_2,cond_2_rep1,barcode1683
1683,18,0,cond_2,cond_2_rep1,barcode1684
1684,18,1,cond_2,cond_2_rep1,barcode1685
1685,18,2,cond_2,cond_2_rep1,barcode1686
1686,18,3,cond_2,cond_2_rep1,barcode1687
1687,18,4,cond_2,cond_2_rep1,barcode1688
1688,18,5,cond_2,cond_2_rep1,barcode1689
1689,18,6,cond_2,cond_2_rep1,barcode1690
1690,18,7,cond_2,cond_2_rep1,barcode1691
1691,18,8,cond_2,cond_2_rep1,barcode1692
1692,18,9,cond_2,cond_2_rep1,barcode1693
1693,18,10,cond_2,cond_2_rep1,barcode1694
1694,18,11,cond_2,cond_2_rep1,barcode1695
1695,18,12,cond_2,cond_2_rep1,barcode1696
1696,18,13,cond_2,cond_2_rep1,barcode1697
1697,18,14,cond_2,cond_2_rep1,barcode1698
1698,18,15,cond_2,cond_2_rep1,barcode1699
1699,18,16,cond_2,cond_2_rep1,barcode1700
1700,18,17,cond_2,cond_2_rep1,barcode1701
1701,18,18,cond_2,cond_2_rep1,barcode1702
1702,18,19,cond_2,cond_2_rep1,barcode1703
1703,18,20,cond_2,cond_2_rep1,barcode1704
1704,18,21,cond_2,cond_2_rep1,barcode1705
1705,18,22,cond_2,cond_2_rep1,barcode1706
1706,18,23,cond_2,cond_2_rep1,barcode1707
1707,18,24,cond_2,cond_2_rep1,barcode1708
1708,18,25,cond_2,cond_2_rep1,barcode1709
1709,18,26,cond_2,cond_2_rep1,barcode1710
1710,18,27,cond_2,cond_2_rep1,barcode1711
1711,18,28,cond_2,cond_2_rep1,barcode1712
1712,18,29,cond_2,cond_2_rep1,barcode1713
1713,18,30,cond_2,cond_2_rep1,barcode1714
1714,18,31,cond_2,cond_2_rep1,barcode1715
1715,18,32,cond_2,cond_2_rep1,barcode1716
1716,19,0,cond_2,cond_2_rep1,barcode1717
1717,19,1,cond_2,cond_2_rep1,barcode1718
1718,19,2,cond_2,cond_2_rep1,barcode1719
1719,19,3,cond_2,cond_2_rep1,barcode1720
1720,19,4,cond_2,cond_2_rep1,barcode1721
1721,19,5,cond_2,cond_2_rep1,barcode1722
1722,19,6,cond_2,cond_2_rep1,barcode1723
1723,19,7,cond_2,cond_2_rep1,barcode1724
1724,19,8,cond_2,cond_2_rep1,barcode1725
1725,19,9,cond_2,cond_2_rep1,barcode1726
1726,19,10,cond_2,cond_2_rep1,barcode1727
1727,19,11,cond_2,cond_2_rep1,barcode1728
1728,19,12,cond_2,cond_2_rep1,barcode1729
1729,19,13,cond_2,cond_2_rep1,barcode1730
1730,19,14,cond_2,cond_2_rep1,barcode1731
1731,19,15,cond_2,cond_2_rep1,barcode1732
1732,19,16,cond_2,cond_2_rep1,barcode1733
1733,19,17,cond_2,cond_2_rep1,barcode1734
1734,19,18,cond_2,cond_2_rep1,barcode1735
1735,19,19,cond_2,cond_2_rep1,barcode1736
1736,19,20,cond_2,cond_2_rep1,barcode1737
1737,19,21,cond_2,cond_2_rep1,barcode1738
1738,19,22,cond_2,cond_2_rep1,barcode1739
1739,19,23,cond_2,cond_2_rep1,barcode1740
1740,19,24,cond_2,cond_2_rep1,barcode1741
1741,19,25,cond_2,cond_2_rep1,barcode1742
1742,19,26,cond_2,cond_2_rep1,barcode1743
1743,19,27,cond_2,cond_2_rep1,barcode1744
1744,19,28,cond_2,cond_2_rep1,barcode1745
1745,19,29,cond_2,cond_2_rep1,barcode1746
1746,19,30,cond_2,cond_2_rep1,barcode1747
1747,19,31,cond_2,cond_2_rep1,barcode1748
1748,19,32,cond_2,cond_2_rep1,barcode1749
1749,20,0,cond_2,cond_2_rep1,barcode1750
1750,20,1,cond_2,cond_2_rep1,barcode1751
1751,20,2,cond_2,cond_2_rep1,barcode1752
1752,20,3,cond_2,cond_2_rep1,barcode1753
1753,20,4,cond_2,cond_2_rep1,barcode1754
1754,20,5,cond_2,cond_2_rep1,barcode1755
1755,20,6,cond_2,cond_2_rep1,barcode1756
1756,20,7,cond_2,cond_2_rep1,barcode1757
1757,20,8,cond_2,cond_2_rep1,barcode1758
1758,20,9,cond_2,cond_2_rep1,barcode1759
1759,20,10,cond_2,cond_2_rep1,barcode1760
1760,20,11,cond_2,cond_2_rep1,barcode1761
1761,20,12,cond_2,cond_2_rep1,barcode1762
1762,20,13,cond_2,cond_2_rep1,barcode1763
1763,20,14,cond_2,cond_2_rep1,barcode1764
1764,20,15,cond_2,cond_2_rep1,barcode1765
1765,20,16,cond_2,cond_2_rep1,barcode1766
1766,20,17,cond_2,cond_2_rep1,barcode1767
1767,20,18,cond_2,cond_2_rep1,barcode1768
1768,20,19,cond_2,cond_2_rep1,barcode1769
1769,20,20,cond_2,cond_2_rep1,barcode1770
1770,20,21,cond_2,cond_2_rep1,barcode1771
1771,20,22,cond_2,cond_2_rep1,barcode1772
1772,20,23,cond_2,cond_2_rep1,barcode1773
1773,20,24,cond_2,cond_2_rep1,barcode1774
1774,20,25,cond_2,cond_2_rep1,barcode1775
1775,20,26,cond_2,cond_2_rep1,barcode1776
1776,20,27,cond_2,cond_2_rep1,barcode1777
1777,20,28,cond_2,cond_2_rep1,barcode1778
1778,20,29,cond_2,cond_2_rep1,barcode1779
1779,20,30,cond_2,cond_2_rep1,barcode1780
1780,20,31,cond_2,cond_2_rep1,barcode1781
1781,20,32,cond_2,cond_2_rep1,barcode1782
1782,21,0,cond_2,cond_2_rep1,barcode1783
1783,21,1,cond_2,cond_2_rep1,barcode1784
1784,21,2,cond_2,cond_2_rep1,barcode1785
1785,21,3,cond_2,cond_2_rep1,barcode1786
1786,21,4,cond_2,cond_2_rep1,barcode1787
1787,21,5,cond_2,cond_2_rep1,barcode1788
1788,21,6,cond_2,cond_2_rep1,barcode1789
1789,21,7,cond_2,cond_2_rep1,barcode1790
1790,21,8,cond_2,cond_2_rep1,barcode1791
1791,21,9,cond_2,cond_2_rep1,barcode1792
1792,21,10,cond_2,cond_2_rep1,barcode1793
1793,21,11,cond_2,cond_2_rep1,barcode1794
1794,21,12,cond_2,cond_2_rep1,barcode1795
1795,21,13,cond_2,cond_2_rep1,barcode1796
1796,21,14,cond_2,cond_2_rep1,barcode1797
1797,21,15,cond_2,cond_2_rep1,barcode1798
1798,21,16,cond_2,cond_2_rep1,barcode1799
1799,21,17,cond_2,cond_2_rep1,barcode1800
1800,21,18,cond_2,cond_2_rep1,barcode1801
1801,21,19,cond_2,cond_2_rep1,barcode1802
1802,21,20,cond_2,cond_2_rep1,barcode1803
1803,21,21,cond_2,cond_2_rep1,barcode1804
1804,21,22,cond_2,cond_2_rep1,barcode1805
1805,21,23,cond_2,cond_2_rep1,barcode1806
1806,21,24,cond_2,cond_2_rep1,barcode1807
1807,21,25,cond_2,cond_2_rep1,barcode1808
1808,21,26,cond_2,cond_2_rep1,barcode1809
1809,21,27,cond_2,cond_2_rep1,barcode1810
1810,21,28,cond_2,cond_2_rep1,barcode1811
1811,21,29,cond_2,cond_2_rep1,barcode1812
1812,21,30,cond_2,cond_2_rep1,barcode1813
1813,21,31,cond_2,cond_2_rep1,barcode1814
1814,21,32,cond_2,cond_2_rep1,barcode1815
1815,22,0,cond_2,cond_2_rep1,barcode1816
1816,22,1,cond_2,cond_2_rep1,barcode1817
1817,22,2,cond_2,cond_2_rep1,barcode1818
1818,22,3,cond_2,cond_2_rep1,barcode1819
1819,22,4,cond_2,cond_2_rep1,barcode1820
1820,22,5,cond_2,cond_2_rep1,barcode1821
1821,22,6,cond_2,cond_2_rep1,barcode1822
1822,22,7,cond_2,cond_2_rep1,barcode1823
1823,22,8,cond_2,cond_2_rep1,barcode1824
1824,22,9,cond_2,cond_2_rep1,barcode1825
1825,22,10,cond_2,cond_2_rep1,barcode1826
1826,22,11,cond_2,cond_2_rep1,barcode1827
1827,22,12,cond_2,cond_2_rep1,barcode1828
1828,22,13,cond_2,cond_2_rep1,barcode1829
1829,22,14,cond_2,cond_2_rep1,barcode1830
1830,22,15,cond_2,cond_2_rep1,barcode1831
1831,22,16,cond_2,cond_2_rep1,barcode1832
1832,22,17,cond_2,cond_2_rep1,barcode1833
1833,22,18,cond_2,cond_2_rep1,barcode1834
1834,22,19,cond_2,cond_2_rep1,barcode1835
1835,22,20,cond_2,cond_2_rep1,barcode1836
1836,22,21,cond_2,cond_2_rep1,barcode1837
1837,22,22,cond_2,cond_2_rep1,barcode1838
1838,22,23,cond_2,cond_2_rep1,barcode1839
1839,22,24,cond_2,cond_2_rep1,barcode1840
1840,22,25,cond_2,cond_2_rep1,barcode1841
1841,22,26,cond_2,cond_2_rep1,barcode1842
1842,22,27,cond_2,cond_2_rep1,barcode1843
1843,22,28,cond_2,cond_2_rep1,barcode1844
1844,22,29,cond_2,cond_2_rep1,barcode1845
1845,22,30,cond_2,cond_2_rep1,barcode1846
1846,22,31,cond_2,cond_2_rep1,barcode1847
1847,22,32,cond_2,cond_2_rep1,barcode1848
1848,23,0,cond_2,cond_2_rep1,barcode1849
1849,23,1,cond_2,cond_2_rep1,barcode1850
1850,23,2,cond_2,cond_2_rep1,barcode1851
1851,23,3,cond_2,cond_2_rep1,barcode1852
1852,23,4,cond_2,cond_2_rep1,barcode1853
1853,23,5,cond_2,cond_2_rep1,barcode1854
1854,23,6,cond_2,cond_2_rep1,barcode1855
1855,23,7,cond_2,cond_2_rep1,barcode1856
1856,23,8,cond_2,cond_2_rep1,barcode1857
1857,23,9,cond_2,cond_2_rep1,barcode1858
1858,23,10,cond_2,cond_2_rep1,barcode1859
1859,23,11,cond_2,cond_2_rep1,barcode1860
1860,23,12,cond_2,cond_2_rep1,barcode1861
1861,23,13,cond_2,cond_2_rep1,barcode1862
1862,23,14,cond_2,cond_2_rep1,barcode1863
1863,23,15,cond_2,cond_2_rep1,barcode1864
1864,23,16,cond_2,cond_2_rep1,barcode1865
1865,23,17,cond_2,cond_2_rep1,barcode1866
1866,23,18,cond_2,cond_2_rep1,barcode1867
1867,23,19,cond_2,cond_2_rep1,barcode1868
1868,23,20,cond_2,cond_2_rep1,barcode1869
1869,23,21,cond_2,cond_2_rep1,barcode1870
1870,23,22,cond_2,cond_2_rep1,barcode1871
1871,23,23,cond_2,cond_2_rep1,barcode1872
1872,23,24,cond_2,cond_2_rep1,barcode1873
1873,23,25,cond_2,cond_2_rep1,barcode1874
1874,23,26,cond_2,cond_2_rep1,barcode1875
1875,23,27,cond_2,cond_2_rep1,barcode1876
1876,23,28,cond_2,cond_2_rep1,barcode1877
1877,23,29,cond_2,cond_2_rep1,barcode1878
1878,23,30,cond_2,cond_2_rep1,barcode1879
1879,23,31,cond_2,cond_2_rep1,barcode1880
1880,23,32,cond_2,cond_2_rep1,barcode1881
1881,24,0,cond_2,cond_2_rep1,barcode1882
1882,24,1,cond_2,cond_2_rep1,barcode1883
1883,24,2,cond_2,cond_2_rep1,barcode1884
1884,24,3,cond_2,cond_2_rep1,barcode1885
1885,24,4,cond_2,cond_2_rep1,barcode1886
1886,24,5,cond_2,cond_2_rep1,barcode1887
1887,24,6,cond_2,cond_2_rep1,barcode1888
1888,24,7,cond_2,cond_2_rep1,barcode1889
1889,24,8,cond_2,cond_2_rep1,barcode1890
1890,24,9,cond_2,cond_2_rep1,barcode1891
1891,24,10,cond_2,cond_2_rep1,barcode1892
1892,24,11,cond_2,cond_2_rep1,barcode1893
1893,24,12,cond_2,cond_2_rep1,barcode1894
1894,24,13,cond_2,cond_2_rep1,barcode1895
1895,24,14,cond_2,cond_2_rep1,barcode1896
1896,24,15,cond_2,cond_2_rep1,barcode1897
1897,24,16,cond_2,cond_2_rep1,barcode1898
1898,24,17,cond_2,cond_2_rep1,barcode1899
1899,24,18,cond_2,cond_2_rep1,barcode1900
1900,24,19,cond_2,cond_2_rep1,barcode1901
1901,24,20,cond_2,cond_2_rep1,barcode1902
1902,24,21,cond_2,cond_2_rep1,barcode1903
1903,24,22,cond_2,cond_2_rep1,barcode1904
1904,24,23,cond_2,cond_2_rep1,barcode1905
1905,24,24,cond_2,cond_2_rep1,barcode1906
1906,24,25,cond_2,cond_2_rep1,barcode1907
1907,24,26,cond_2,cond_2_rep1,barcode1908
1908,24,27,cond_2,cond_2_rep1,barcode1909
1909,24,28,cond_2,cond_2_rep1,barcode1910
1910,24,29,cond_2,cond_2_rep1,barcode1911
1911,24,30,cond_2,cond_2_rep1,barcode1912
1912,24,31,cond_2,cond_2_rep1,barcode1913
1913,24,32,cond_2,cond_2_rep1,barcode1914
1914,25,0,cond_2,cond_2_rep1,barcode1915
1915,25,1,cond_2,cond_2_rep1,barcode1916
1916,25,2,cond_2,cond_2_rep1,barcode1917
1917,25,3,cond_2,cond_2_rep1,barcode1918
1918,25,4,cond_2,cond_2_rep1,barcode1919
1919,25,5,cond_2,cond_2_rep1,barcode1920
1920,25,6,cond_2,cond_2_rep1,barcode1921
1921,25,7,cond_2,cond_2_rep1,barcode1922
1922,25,8,cond_2,cond_2_rep1,barcode1923
1923,25,9,cond_2,cond_2_rep1,barcode1924
1924,25,10,cond_2,cond_2_rep1,barcode1925
1925,25,11,cond_2,cond_2_rep1,barcode1926
1926,25,12,cond_2,cond_2_rep1,barcode1927
1927,25,13,cond_2,cond_2_rep1,barcode1928
1928,25,14,cond_2,cond_2_rep1,barcode1929
1929,25,15,cond_2,cond_2_rep1,barcode1930
1930,25,16,cond_2,cond_2_rep1,barcode1931
1931,25,17,cond_2,cond_2_rep1,barcode1932
1932,25,18,cond_2,cond_2_rep1,barcode1933
1933,25,19,cond_2,cond_2_rep1,barcode1934
1934,25,20,cond_2,cond_2_rep1,barcode1935
1935,25,21,cond_2,cond_2_rep1,barcode1936
1936,25,22,cond_2,cond_2_rep1,barcode1937
1937,25,23,cond_2,cond_2_rep1,barcode1938
1938,25,24,cond_2,cond_2_rep1,barcode1939
1939,25,25,cond_2,cond_2_rep1,barcode1940
1940,25,26,cond_2,cond_2_rep1,barcode1941
1941,25,27,cond_2,cond_2_rep1,barcode1942
1942,25,28,cond_2,cond_2_rep1,barcode1943
1943,25,29,cond_2,cond_2_rep1,barcode1944
1944,25,30,cond_2,cond_2_rep1,barcode1945
1945,25,31,cond_2,cond_2_rep1,barcode1946
1946,25,32,cond_2,cond_2_rep1,barcode1947
1947,26,0,cond_2,cond_2_rep1,barcode1948
1948,26,1,cond_2,cond_2_rep1,barcode1949
1949,26,2,cond_2,cond_2_rep1,barcode1950
1950,26,3,cond_2,cond_2_rep1,barcode1951
1951,26,4,cond_2,cond_2_rep1,barcode1952
1952,26,5,cond_2,cond_2_rep1,barcode1953
1953,26,6,cond_2,cond_2_rep1,barcode1954
1954,26,7,cond_2,cond_2_rep1,barcode1955
1955,26,8,cond_2,cond_2_rep1,barcode1956
1956,26,9,cond_2,cond_2_rep1,barcode1957
1957,26,10,cond_2,cond_2_rep1,barcode1958
1958,26,11,cond_2,cond_2_rep1,barcode1959
1959,26,12,cond_2,cond_2_rep1,barcode1960
1960,26,13,cond_2,cond_2_rep1,barcode1961
1961,26,14,cond_2,cond_2_rep1,barcode1962
1962,26,15,cond_2,cond_2_rep1,barcode1963
1963,26,16,cond_2,cond_2_rep1,barcode1964
1964,26,17,cond_2,cond_2_rep1,barcode1965
1965,26,18,cond_2,cond_2_rep1,barcode1966
1966,26,19,cond_2,cond_2_rep1,barcode1967
1967,26,20,cond_2,cond_2_rep1,barcode1968
1968,26,21,cond_2,cond_2_rep1,barcode1969
1969,26,22,cond_2,cond_2_rep1,barcode1970
1970,26,23,cond_2,cond_2_rep1,barcode1971
1971,26,24,cond_2,cond_2_rep1,barcode1972
1972,26,25,cond_2,cond_2_rep1,barcode1973
1973,26,26,cond_2,cond_2_rep1,barcode1974
1974,26,27,cond_2,cond_2_rep1,barcode1975
1975,26,28,cond_2,cond_2_rep1,barcode1976
1976,26,29,cond_2,cond_2_rep1,barcode1977
1977,26,30,cond_2,cond_2_rep1,barcode1978
1978,26,31,cond_2,cond_2_rep1,barcode1979
1979,26,32,cond_2,cond_2_rep1,barcode1980
1980,27,0,cond_2,cond_2_rep1,barcode1981
1981,27,1,cond_2,cond_2_rep1,barcode1982
1982,27,2,cond_2,cond_2_rep1,barcode1983
1983,27,3,cond_2,cond_2_rep1,barcode1984
1984,27,4,cond_2,cond_2_rep1,barcode1985
1985,27,5,cond_2,cond_2_rep1,barcode1986
1986,27,6,cond_2,cond_2_rep1,barcode1987
1987,27,7,cond_2,cond_2_rep1,barcode1988
1988,27,8,cond_2,cond_2_rep1,barcode1989
1989,27,9,cond_2,cond_2_rep1,barcode1990
1990,27,10,cond_2,cond_2_rep1,barcode1991
1991,27,11,cond_2,cond_2_rep1,barcode1992
1992,27,12,cond_2,cond_2_rep1,barcode1993
1993,27,13,cond_2,cond_2_rep1,barcode1994
1994,27,14,cond_2,cond_2_rep1,barcode1995
1995,27,15,cond_2,cond_2_rep1,barcode1996
1996,27,16,cond_2,cond_2_rep1,barcode1997
1997,27,17,cond_2,cond_2_rep1,barcode1998
1998,27,18,cond_2,cond_2_rep1,barcode1999
1999,27,19,cond_2,cond_2_rep1,barcode2000
2000,27,20,cond_2,cond_2_rep1,barcode2001
2001,27,21,cond_2,cond_2_rep1,barcode2002
2002,27,22,cond_2,cond_2_rep1,barcode2003
2003,27,23,cond_2,cond_2_rep1,barcode2004
2004,27,24,cond_2,cond_2_rep1,barcode2005
2005,27,25,cond_2,cond_2_rep1,barcode2006
2006,27,26,cond_2,cond_2_rep1,barcode2007
2007,27,27,cond_2,cond_2_rep1,barcode2008
2008,27,28,cond_2,cond_2_rep1,barcode2009
2009,27,29,cond_2,cond_2_rep1,barcode2010
2010,27,30,cond_2,cond_2_rep1,barcode2011
2011,27,31,cond_2,cond_2_rep1,barcode2012
2012,27,32,cond_2,cond_2_rep1,barcode2013
2013,28,0,cond_2,cond_2_rep1,barcode2014
2014,28,1,cond_2,cond_2_rep1,barcode2015
2015,28,2,cond_2,cond_2_rep1,barcode2016
2016,28,3,cond_2,cond_2_rep1,barcode2017
2017,28,4,cond_2,cond_2_rep1,barcode2018
2018,28,5,cond_2,cond_2_rep1,barcode2019
2019,28,6,cond_2,cond_2_rep1,barcode2020
2020,28,7,cond_2,cond_2_rep1,barcode2021
2021,28,8,cond_2,cond_2_rep1,barcode2022
2022,28,9,cond_2,cond_2_rep1,barcode2023
2023,28,10,cond_2,cond_2_rep1,barcode2024
2024,28,11,cond_2,cond_2_rep1,barcode2025
2025,28,12,cond_2,cond_2_rep1,barcode2026
2026,28,13,cond_2,cond_2_rep1,barcode2027
2027,28,14,cond_2,cond_2_rep1,barcode2028
2028,28,15,cond_2,cond_2_rep1,barcode2029
2029,28,16,cond_2,cond_2_rep1,barcode2030
2030,28,17,cond_2,cond_2_rep1,barcode2031
2031,28,18,cond_2,cond_2_rep1,barcode2032
2032,28,19,cond_2,cond_2_rep1,barcode2033
2033,28,20,cond_2,cond_2_rep1,barcode2034
2034,28,21,cond_2,cond_2_rep1,barcode2035
2035,28,22,cond_2,cond_2_rep1,barcode2036
2036,28,23,cond_2,cond_2_rep1,barcode2037
2037,28,24,cond_2,cond_2_rep1,barcode2038
2038,28,25,cond_2,cond_2_rep1,barcode2039
2039,28,26,cond_2,cond_2_rep1,barcode2040
2040,28,27,cond_2,cond_2_rep1,barcode2041
2041,28,28,cond_2,cond_2_rep1,barcode2042
2042,28,29,cond_2,cond_2_rep1,barcode2043
2043,28,30,cond_2,cond_2_rep1,barcode2044
2044,28,31,cond_2,cond_2_rep1,barcode2045
2045,28,32,cond_2,cond_2_rep1,barcode2046
2046,29,0,cond_2,cond_2_rep1,barcode2047
2047,29,1,cond_2,cond_2_rep1,barcode2048
2048,29,2,cond_2,cond_2_rep1,barcode2049
2049,29,3,cond_2,cond_2_rep1,barcode2050
2050,29,4,cond_2,cond_2_rep1,barcode2051
2051,29,5,cond_2,cond_2_rep1,barcode2052
2052,29,6,cond_2,cond_2_rep1,barcode2053
2053,29,7,cond_2,cond_2_rep1,barcode2054
2054,29,8,cond_2,cond_2_rep1,barcode2055
2055,29,9,cond_2,cond_2_rep1,barcode2056
2056,29,10,cond_2,cond_2_rep1,barcode2057
2057,29,11,cond_2,cond_2_rep1,barcode2058
2058,29,12,cond_2,cond_2_rep1,barcode2059
2059,29,13,cond_2,cond_2_rep1,barcode2060
2060,29,14,cond_2,cond_2_rep1,barcode2061
2061,29,15,cond_2,cond_2_rep1,barcode2062
2062,29,16,cond_2,cond_2_rep1,barcode2063
2063,29,17,cond_2,cond_2_rep1,barcode2064
2064,29,18,cond_2,cond_2_rep1,barcode2065
2065,29,19,cond_2,cond_2_rep1,barcode2066
2066,29,20,cond_2,cond_2_rep1,barcode2067
2067,29,21,cond_2,cond_2_rep1,barcode2068
2068,29,22,cond_2,cond_2_rep1,barcode2069
2069,29,23,cond_2,cond_2_rep1,barcode2070
2070,29,24,cond_2,cond_2_rep1,barcode2071
2071,29,25,cond_2,cond_2_rep1,barcode2072
2072,29,26,cond_2,cond_2_rep1,barcode2073
2073,29,27,cond_2,cond_2_rep1,barcode2074
2074,29,28,cond_2,cond_2_rep1,barcode2075
2075,29,29,cond_2,cond_2_rep1,barcode2076
2076,29,30,cond_2,cond_2_rep1,barcode2077
2077,29,31,cond_2,cond_2_rep1,barcode2078
2078,29,32,cond_2,cond_2_rep1,barcode2079
2079,30,0,cond_2,cond_2_rep1,barcode2080
2080,30,1,cond_2,cond_2_rep1,barcode2081
2081,30,2,cond_2,cond_2_rep1,barcode2082
2082,30,3,cond_2,cond_2_rep1,barcode2083
2083,30,4,cond_2,cond_2_rep1,barcode2084
2084,30,5,cond_2,cond_2_rep1,barcode2085
2085,30,6,cond_2,cond_2_rep1,barcode2086
2086,30,7,cond_2,cond_2_rep1,barcode2087
2087,30,8,cond_2,cond_2_rep1,barcode2088
2088,30,9,cond_2,cond_2_rep1,barcode2089
2089,30,10,cond_2,cond_2_rep1,barcode2090
2090,30,11,cond_2,cond_2_rep1,barcode2091
2091,30,12,cond_2,cond_2_rep1,barcode2092
2092,30,13,cond_2,cond_2_rep1,barcode2093
2093,30,14,cond_2,cond_2_rep1,barcode2094
2094,30,15,cond_2,cond_2_rep1,barcode2095
2095,30,16,cond_2,cond_2_rep1,barcode2096
2096,30,17,cond_2,cond_2_rep1,barcode2097
2097,30,18,cond_2,cond_2_rep1,barcode2098
2098,30,19,cond_2,cond_2_rep1,barcode2099
2099,30,20,cond_2,cond_2_rep1,barcode2100
2100,30,21,cond_2,cond_2_rep1,barcode2101
2101,30,22,cond_2,cond_2_rep1,barcode2102
2102,30,23,cond_2,cond_2_rep1,barcode2103
2103,30,24,cond_2,cond_2_rep1,barcode2104
2104,30,25,cond_2,cond_2_rep1,barcode2105
2105,30,26,cond_2,cond_2_rep1,barcode2106
2106,30,27,cond_2,cond_2_rep1,barcode2107
2107,30,28,cond_2,cond_2_rep1,barcode2108
2108,30,29,cond_2,cond_2_rep1,barcode2109
2109,30,30,cond_2,cond_2_rep1,barcode2110
2110,30,31,cond_2,cond_2_rep1,barcode2111
2111,30,32,cond_2,cond_2_rep1,barcode2112
2112,31,0,cond_2,cond_2_rep1,barcode2113
2113,31,1,cond_2,cond_2_rep1,barcode2114
2114,31,2,cond_2,cond_2_rep1,barcode2115
2115,31,3,cond_2,cond_2_rep1,barcode2116
2116,31,4,cond_2,cond_2_rep1,barcode2117
2117,31,5,cond_2,cond_2_rep1,barcode2118
2118,31,6,cond_2,cond_2_rep1,barcode2119
2119,31,7,cond_2,cond_2_rep1,barcode2120
2120,31,8,cond_2,cond_2_rep1,barcode2121
2121,31,9,cond_2,cond_2_rep1,barcode2122
2122,31,10,cond_2,cond_2_rep1,barcode2123
2123,31,11,cond_2,cond_2_rep1,barcode2124
2124,31,12,cond_2,cond_2_rep1,barcode2125
2125,31,13,cond_2,cond_2_rep1,barcode2126
2126,31,14,cond_2,cond_2_rep1,barcode2127
2127,31,15,cond_2,cond_2_rep1,barcode2128
2128,31,16,cond_2,cond_2_rep1,barcode2129
2129,31,17,cond_2,cond_2_rep1,barcode2130
2130,31,18,cond_2,cond_2_rep1,barcode2131
2131,31,19,cond_2,cond_2_rep1,barcode2132
2132,31,20,cond_2,cond_2_rep1,barcode2133
2133,31,21,cond_2,cond_2_rep1,barcode2134
2134,31,22,cond_2,cond_2_rep1,barcode2135
2135,31,23,cond_2,cond_2_rep1,barcode2136
2136,31,24,cond_2,cond_2_rep1,barcode2137
2137,31,25,cond_2,cond_2_rep1,barcode2138
2138,31,26,cond_2,cond_2_rep1,barcode2139
2139,31,27,cond_2,cond_2_rep1,barcode2140
2140,31,28,cond_2,cond_2_rep1,barcode2141
2141,31,29,cond_2,cond_2_rep1,barcode2142
2142,31,30,cond_2,cond_2_rep1,barcode2143
2143,31,31,cond_2,cond_2_rep1,barcode2144
2144,31,32,cond_2,cond_2_rep1,barcode2145
2145,32,0,cond_2,cond_2_rep1,barcode2146
2146,32,1,cond_2,cond_2_rep1,barcode2147
2147,32,2,cond_2,cond_2_rep1,barcode2148
2148,32,3,cond_2,cond_2_rep1,barcode2149
2149,32,4,cond_2,cond_2_rep1,barcode2150
2150,32,5,cond_2,cond_2_rep1,barcode2151
2151,32,6,cond_2,cond_2_rep1,barcode2152
2152,32,7,cond_2,cond_2_rep1,barcode2153
2153,32,8,cond_2,cond_2_rep1,barcode2154
2154,32,9,cond_2,cond_2_rep1,barcode2155
2155,32,10,cond_2,cond_2_rep1,barcode2156
2156,32,11,cond_2,cond_2_rep1,barcode2157
2157,32,12,cond_2,cond_2_rep1,barcode2158
2158,32,13,cond_2,cond_2_rep1,barcode2159
2159,32,14,cond_2,cond_2_rep1,barcode2160
2160,32,15,cond_2,cond_2_rep1,barcode2161
2161,32,16,cond_2,cond_2_rep1,barcode2162
2162,32,17,cond_2,cond_2_rep1,barcode2163
2163,32,18,cond_2,cond_2_rep1,barcode2164
2164,32,19,cond_2,cond_2_rep1,barcode2165
2165,32,20,cond_2,cond_2_rep1,barcode2166
2166,32,21,cond_2,cond_2_rep1,barcode2167
2167,32,22,cond_2,cond_2_rep1,barcode2168
2168,32,23,cond_2,cond_2_rep1,barcode2169
2169,32,24,cond_2,cond_2_rep1,barcode2170
2170,32,25,cond_2,cond_2_rep1,barcode2171
2171,32,26,cond_2,cond_2_rep1,barcode2172
2172,32,27,cond_2,cond_2_rep1,barcode2173
2173,32,28,cond_2,cond_2_rep1,barcode2174
2174,32,29,cond_2,cond_2_rep1,barcode2175
2175,32,30,cond_2,cond_2_rep1,barcode2176
2176,32,31,cond_2,cond_2_rep1,barcode2177
2177,32,32,cond_2,cond_2_rep1,barcode2178
